tree
version=v4
num_class=1
num_tree_per_iteration=1
label_index=0
max_feature_idx=5
objective=regression
feature_names=momentum momentum_extremity one_month ivol beta limit_up_days
feature_infos=[0:1] [0:1] [0:1] [0:1] [0:1] [0.041800643086816719:1]
tree_sizes=1444 1518 1527 1527 1527 1514 1526 1520 1518 1521 1524 1523 1517 1523 1524 1523 1515 1524 1506 1519 1528 1529 1533 1515 1530 1523 1528 1524 1523 1537 1534 1520 1512 1518 1523 1517 1533 1510 1521 1518 1527 1523 1522 1522 1526 1520 1509 1511 1512 1517 1515 1537 1526 1503 1516 1511 1525 1519 1530 1522 1516 1535 1538 1515 1519 1521 1517 1513 1522 1514 1524 1510 1527 1520 1510 1521 1525 1507 1503 1505 1529 1509 1520 1525 1519 1530 1508 1519 1518 1534 1518 1524 1516 1522 1521 1536 1515 1517 1513 1521

Tree=0
num_leaves=15
num_cat=0
split_feature=5 2 5 0 0 5 5 4 2 5 5 1 4 4
split_gain=4.68096 2.47991 1.70579 1.38071 1.2501 1.57557 1.17665 1.09894 0.844516 0.82348 0.865845 0.778212 0.733939 0.67063
threshold=0.74649168853893277 0.22061440234456775 0.94211310428701744 0.029770550727492063 0.36723487596112003 0.39104159126553267 0.39750214102198123 0.96790217337977735 0.03770354096665806 0.39829537211664012 0.39104159126553267 0.85069780965303365 0.013777285669092061 0.12949175847208949
decision_type=2 2 2 2 2 2 2 2 2 2 2 2 2 2
left_child=1 3 -2 -1 5 -3 -7 11 -5 10 -10 -4 -6 -14
right_child=2 4 7 8 12 6 -8 -9 9 -11 -12 -13 13 -15
leaf_value=0.49878517295136598 0.50148583530998592 0.50249145292158437 0.50045019491389675 0.50071597340145346 0.50027246561887129 0.49859034789680917 0.50159044277549159 0.50308442867406977 0.50208651479515798 0.5012591152484589 0.50488898319767517 0.49873100542746346 0.50334443862458345 0.50255802197504418
leaf_weight=153 3996 2870 782 677 117 125 2003 109 2159 1263 104 340 1130 7158
leaf_count=153 3996 2870 782 677 117 125 2003 109 2159 1263 104 340 1130 7158
internal_value=0.501962 0.502206 0.501185 0.501585 0.502409 0.502033 0.501414 0.500209 0.501686 0.501873 0.502215 0.499929 0.502632 0.502665
internal_weight=0 17759 5227 4356 13403 4998 2128 1231 4203 3526 2263 1122 8405 8288
internal_count=22986 17759 5227 4356 13403 4998 2128 1231 4203 3526 2263 1122 8405 8288
is_linear=0
shrinkage=1


Tree=1
num_leaves=15
num_cat=0
split_feature=5 2 5 5 1 1 4 0 1 5 5 5 5 5
split_gain=4.99849 2.16729 1.57848 1.40128 1.01948 0.942428 0.785109 1.49504 1.31469 0.931023 2.17727 0.945227 0.821778 0.809557
threshold=0.82427884615384628 0.22061440234456775 0.43723479490806227 0.96749356047301271 0.64472884777453321 0.23283179878733443 0.69100106127722416 0.87905861269238883 0.67218597510828459 0.41380867489181916 0.41989022168594886 0.42569978811196613 0.20899774138904575 0.40493024132730021
decision_type=2 2 2 2 2 2 2 2 2 2 2 2 2 2
left_child=1 -1 6 -2 -4 -5 8 9 12 -8 -11 -12 -3 -9
right_child=3 2 4 5 -6 -7 7 13 -10 10 11 -13 -14 -15
leaf_value=-0.00038120153830161683 -0.00071884529502601162 -0.0016022059449707 0.00016557746057426886 0.00029480260847023978 -0.0010152391642978453 -0.0026551824828254852 0.00013282885515816269 0.00094063881768776877 4.4638163717012578e-05 -0.0046553448107353266 0.001715007587713567 -0.001380150353888402 0.00092408143410413284 0.0041598789552313702
leaf_weight=4521 3083 118 1816 116 1032 610 1986 205 2292 130 148 222 6469 107
leaf_count=4521 3083 118 1816 116 1032 610 1986 205 2292 130 148 222 6469 107
internal_value=0 0.000192411 0.000370951 -0.000998074 -0.000262303 -0.00218384 0.000525401 8.71941e-05 0.000663491 -0.000158475 -0.00131553 -0.000142087 0.000878825 0.00204467
internal_weight=0 19046 14525 3809 2848 726 11677 2798 8879 2486 500 370 6587 312
internal_count=22855 19046 14525 3809 2848 726 11677 2798 8879 2486 500 370 6587 312
is_linear=0
shrinkage=0.03


Tree=2
num_leaves=15
num_cat=0
split_feature=3 2 0 3 3 3 2 2 3 2 0 0 0 4
split_gain=9.04279 2.06601 1.20792 0.961879 0.582968 0.565352 1.0638 0.7264 0.562251 0.520763 0.560718 0.638266 0.595758 0.470925
threshold=0.62646055921800425 0.22061440234456775 0.077347033397645884 0.88851905183872415 0.51297019043133052 0.28384967529010968 0.90630225752508375 0.87154370540265047 0.47717517143111593 0.16926105390672322 0.67927781392322717 0.6988184397822953 0.65539501039501047 0.79740663682407598
decision_type=2 2 2 2 2 2 2 2 2 2 2 2 2 2
left_child=1 -1 4 9 -3 7 -7 13 -8 -2 12 -12 -11 -4
right_child=3 2 5 -5 -6 6 8 -9 -10 10 11 -13 -14 -15
leaf_value=-0.0002419197826735559 9.6149870236815671e-06 -0.00010524411174153112 0.0011242082613324442 -0.0012716296419308312 -0.0021851049992145347 0.00039870776368093288 0.00080328961847136895 -0.00077730198271040404 0.0031140078296715834 -0.00055645619531960574 -0.0034795427855104206 -0.0010075970626072014 0.0016426922467577716 0.0001199941182820838
leaf_weight=3060 1112 522 4284 2554 158 5242 177 210 204 3085 100 1569 115 466
leaf_count=3060 1112 522 4284 2554 158 5242 177 210 204 3085 100 1569 115 466
internal_value=0 0.000449333 0.000637137 -0.000784263 -0.000588506 0.000715889 0.000509953 0.000949353 0.00204052 -0.000576148 -0.000709926 -0.00115571 -0.000477424 0.00102569
internal_weight=0 14323 11263 8535 680 10583 5623 4960 381 5981 4869 1669 3200 4750
internal_count=22858 14323 11263 8535 680 10583 5623 4960 381 5981 4869 1669 3200 4750
is_linear=0
shrinkage=0.03


Tree=3
num_leaves=15
num_cat=0
split_feature=3 2 3 1 0 2 3 2 2 2 4 4 2 4
split_gain=8.54844 2.31807 1.19247 1.00465 0.601098 0.692022 0.555427 0.965693 0.663868 0.648456 0.61909 0.498096 0.635584 0.766132
threshold=0.62646055921800425 0.22061440234456775 0.88851905183872415 0.67621587127945681 0.23235879926020772 0.033987934796560142 0.39797624735512943 0.88316954106047485 0.82844926291684573 0.85193489453579152 0.35559467918622856 0.59666574048346777 0.50984267224676449 0.39105737496826615
decision_type=2 2 2 2 2 2 2 2 2 2 2 2 2 2
left_child=1 4 -2 6 -1 -6 8 9 -3 -8 -9 12 13 -5
right_child=2 3 -4 11 5 -7 7 10 -10 -11 -12 -13 -14 -15
leaf_value=-0.0010576921243358631 -0.00054457596197371775 0.0010757988539386574 -0.001321987823152919 0.0011413182639019236 -0.0017667125369949974 8.6908549844560862e-05 0.00037066617802091351 0.00013694906069431454 -0.00011189829935289549 -0.0018303912268093543 0.0030303415246003646 0.00063582941708406355 -0.00066388395132939014 -0.00083066174443468014
leaf_weight=726 5979 4972 2526 524 198 2145 2341 100 463 127 199 1167 999 268
leaf_count=726 5979 4972 2526 524 198 2145 2341 100 463 127 199 1167 999 268
internal_value=0 0.000426735 -0.000775469 0.000627535 -0.000303446 -6.97355e-05 0.000798472 0.000452477 0.000974621 0.000257403 0.00206265 0.000153559 -0.000160685 0.000474032
internal_weight=0 14229 8505 11160 3069 2343 8202 2767 5435 2468 299 2958 1791 792
internal_count=22734 14229 8505 11160 3069 2343 8202 2767 5435 2468 299 2958 1791 792
is_linear=0
shrinkage=0.03


Tree=4
num_leaves=15
num_cat=0
split_feature=3 2 3 5 4 0 0 5 5 2 2 5 2 4
split_gain=8.38646 1.78776 1.39453 0.891652 1.61247 0.859378 0.784096 0.690637 0.819579 0.677527 0.524622 0.570111 0.480166 0.660767
threshold=0.5637940882478939 0.22061440234456775 0.89621009336031865 0.33308282699072594 0.6990128908659935 0.14137028344466515 0.057800453514739232 0.78841153768027639 0.82904257457348585 0.60063395422669652 0.045638067772170159 0.30031454317055567 0.03770354096665806 0.50673408307636503
decision_type=2 2 2 2 2 2 2 2 2 2 2 2 2 2
left_child=1 10 3 4 -2 7 -3 -5 -9 -10 -1 -12 13 -7
right_child=2 6 -4 5 -6 12 -8 8 9 -11 11 -13 -14 -15
leaf_value=-0.0012937268755733515 -0.00030770672753004037 -0.00058755780108343889 -0.0012837292228557679 -0.0019138865333155977 0.002882150802635946 -0.0032526539913528868 0.00074539517978567478 0.0018785747099253865 0.00066253244910934343 -0.0021198887260924157 0.00089538400282092832 -0.00025405215368457787 -0.00034260369050680958 -0.00042846385170431696
leaf_weight=331 531 414 2373 682 195 124 9773 108 123 219 488 1902 5459 187
leaf_count=331 531 414 2373 682 195 124 9773 108 123 219 488 1902 5459 187
internal_value=0 0.000508755 -0.000648589 -0.000451002 0.000549073 -0.000556197 0.000691224 -0.00131197 -0.000399729 -0.00111919 -0.000174378 -1.93556e-05 -0.000407925 -0.00155451
internal_weight=0 12908 10001 7628 726 6902 10187 1132 450 342 2721 2390 5770 311
internal_count=22909 12908 10001 7628 726 6902 10187 1132 450 342 2721 2390 5770 311
is_linear=0
shrinkage=0.03


Tree=5
num_leaves=15
num_cat=0
split_feature=3 0 2 5 5 3 2 4 2 5 2 5 0 5
split_gain=8.3372 1.51035 1.73789 1.39957 0.933583 0.837463 0.979385 0.803017 0.563715 0.819992 0.757421 1.91237 0.606404 0.771577
threshold=0.63051528146484259 0.057800453514739232 0.061732186732186743 0.96749356047301271 0.98208680940435222 0.4139208554988601 0.90630225752508375 0.38699160269731547 0.35907565588773643 0.4011676952448609 0.8597311034595837 0.36536148839841548 0.68308775731310944 0.33531656302996049
decision_type=2 2 2 2 2 2 2 2 2 2 2 2 2 2
left_child=1 -1 -3 -2 -5 8 -7 -8 9 12 -10 -12 13 -4
right_child=3 2 5 4 -6 6 7 -9 10 -11 11 -13 -14 -15
leaf_value=-0.00095326315921283138 -0.0006272879431134321 -0.0011243707057210632 0.00037242922936122811 -0.0032805159308451123 -0.0010946560809233904 0.00012374773892151955 -0.00011521228021010755 0.0032917275814847513 0.0010356969193155124 -0.00042346173582290145 -0.0026244741423531422 0.0013397983429784125 -6.7051775851203791e-05 0.0016227518187982026
leaf_weight=665 7712 561 898 302 421 4062 100 165 5120 767 182 275 672 879
leaf_count=665 7712 561 898 302 421 4062 100 165 5120 767 182 275 672 879
internal_value=0 0.00044292 0.000510785 -0.000745609 -0.0020077 0.000580703 0.000239029 0.00200609 0.000748839 0.000432521 0.000931246 -0.000238971 0.000700605 0.000990906
internal_weight=0 14346 13681 8435 723 13120 4327 265 8793 3216 5577 457 2449 1777
internal_count=22781 14346 13681 8435 723 13120 4327 265 8793 3216 5577 457 2449 1777
is_linear=0
shrinkage=0.03


Tree=6
num_leaves=15
num_cat=0
split_feature=3 3 2 0 0 4 4 0 4 1 4 0 2 4
split_gain=7.08463 1.4388 1.05716 0.84151 0.787823 0.650183 0.574409 0.539654 0.531276 0.499784 0.492622 0.623834 0.670742 0.585781
threshold=0.5637940882478939 0.8689875509529581 0.22857288158578762 0.36723487596112003 0.10148605900095639 0.92963893541782994 0.94108003857280631 0.35533793059413216 0.98664437012263118 0.96006644518272433 0.80134718316247855 0.93725098045343047 0.97207670378402089 0.35953308263944855
decision_type=2 2 2 2 2 2 2 2 2 2 2 2 2 2
left_child=2 4 -1 7 -2 -5 10 9 -6 -4 11 12 -3 -13
right_child=1 6 3 5 8 -7 -8 -9 -10 -11 -12 13 -14 -15
leaf_value=-7.2345954225768699e-05 -0.0012711215733237659 -0.0011686658896222387 0.00035878509987703798 0.00085936194068041778 -0.00023745009500768515 -0.00065903107659399224 0.00016054820258682239 -0.0016347257227947315 -0.0022211154447910712 -0.0017131223477190362 -0.0022589342647212013 -0.0040092559050904902 0.00042667369295588947 -0.0012810514191469501
leaf_weight=2847 812 1725 3516 6011 6061 265 262 135 124 108 417 123 275 167
leaf_count=2847 812 1725 3516 6011 6061 265 262 135 124 108 417 123 275 167
internal_value=0 -0.000627368 0.000437882 0.000582637 -0.000392562 0.000795249 -0.00118073 0.000227662 -0.00027722 0.00029704 -0.00131055 -0.00113785 -0.000949307 -0.00243819
internal_weight=0 9966 12882 10035 6997 6276 2969 3759 6185 3624 2707 2290 2000 290
internal_count=22848 9966 12882 10035 6997 6276 2969 3759 6185 3624 2707 2290 2000 290
is_linear=0
shrinkage=0.03


Tree=7
num_leaves=15
num_cat=0
split_feature=3 5 0 1 4 5 3 1 4 4 5 4 3 0
split_gain=6.21581 1.49411 0.97328 0.902999 0.85349 0.665956 0.520216 0.754728 0.496099 0.473688 0.444154 0.709433 0.440875 0.427008
threshold=0.62646055921800425 0.9506670131670133 0.90630225752508375 0.88176930596285452 0.90647783897193823 0.20899774138904575 0.37830836017364522 0.33766233766233766 0.089678084545766992 0.52622979016167881 0.34117453420238336 0.2965408462960949 0.89233440170940181 0.97951519051082647
decision_type=2 2 2 2 2 2 2 2 2 2 2 2 2 2
left_child=3 10 4 5 12 -1 7 -7 -8 -4 11 -2 -3 -5
right_child=1 2 9 13 -6 6 8 -9 -10 -11 -12 -13 -14 -15
leaf_value=-0.0012557731251485872 -0.001046165168430889 -0.0033573783911462571 -0.0049571922819953984 -0.00059610610254004243 0.0011425572248677221 0.00098281251137271848 0.0014102403376168842 0.00038814654700272563 0.00017168892698432261 -0.0020938995128940755 -0.00055931054743228736 0.00099760037814786823 -0.0013097672289477825 0.0011012187973583902
leaf_weight=201 240 111 104 1090 117 3300 310 4596 4764 104 6749 421 642 152
leaf_count=201 240 111 104 1090 117 3300 310 4596 4764 104 6749 421 642 152
internal_value=0 -0.000638437 -0.00168198 0.000384897 -0.00124122 0.000457816 0.000484372 0.000636677 0.000247359 -0.00352555 -0.000486623 0.000255537 -0.00161161 -0.000388382
internal_weight=0 8488 1078 14413 870 13171 12970 7896 5074 208 7410 661 753 1242
internal_count=22901 8488 1078 14413 870 13171 12970 7896 5074 208 7410 661 753 1242
is_linear=0
shrinkage=0.03


Tree=8
num_leaves=15
num_cat=0
split_feature=3 2 0 3 1 1 0 4 2 2 4 1 1 2
split_gain=6.37031 1.83383 1.24325 0.954746 0.868577 0.761203 0.69688 0.648991 0.64194 0.667883 0.599573 0.575215 0.675974 0.570182
threshold=0.63051528146484259 0.065710565093725387 0.4386291006326225 0.86130209559689208 0.9738987886142515 0.9792745495764229 0.44662112897655326 0.026186649523197259 0.35108197302265837 0.92579385080645171 0.96790217337977735 0.97194622069191683 0.91885032240362197 0.77795641300464469
decision_type=2 2 2 2 2 2 2 2 2 2 2 2 2 2
left_child=1 -1 4 5 10 7 -4 -2 11 13 -3 12 -5 -10
right_child=3 2 6 8 -6 -7 -8 -9 9 -11 -12 -13 -14 -15
leaf_value=-0.0011992472533294879 -0.0024684555473860957 0.00020685000376928337 0.0028261239893941415 -0.00049723099093656727 -0.0024988728660641103 0.0014201484588193124 0.00065103942745006011 -0.00044564357556358097 -0.0012590628420099275 -0.00070970873892965626 -0.0019889871409089353 -0.0025103342245953778 0.0021051555586403567 -0.0025009858914128115
leaf_weight=652 147 6116 135 753 112 192 7368 4935 784 838 114 108 102 578
leaf_count=652 147 6116 135 753 112 192 7368 4935 784 838 114 108 102 578
internal_value=0 0.000355588 0.000428809 -0.000681245 0.000119596 -0.0004341 0.000690175 -0.000504155 -0.00109333 -0.0013761 0.000166669 -0.000447357 -0.000186771 -0.00178611
internal_weight=0 14497 13845 8437 6342 5274 7503 5082 3163 2200 6230 963 855 1362
internal_count=22934 14497 13845 8437 6342 5274 7503 5082 3163 2200 6230 963 855 1362
is_linear=0
shrinkage=0.03


Tree=9
num_leaves=15
num_cat=0
split_feature=3 1 2 5 1 2 4 5 2 5 5 4 2 4
split_gain=6.03873 1.56601 1.2312 1.20999 0.694149 0.660447 0.656911 1.06346 0.973513 0.850681 0.850593 0.646951 0.583291 0.578486
threshold=0.69357554034973401 0.67218597510828459 0.22061440234456775 0.96749356047301271 0.8126045150501674 0.87541535574322471 0.59666574048346777 0.34793849046467912 0.63218254396375018 0.37542693944162736 0.42639318885448924 0.80527184297377119 0.8676696832579186 0.26835686777920414
decision_type=2 2 2 2 2 2 2 2 2 2 2 2 2 2
left_child=1 2 -1 -2 5 -5 12 -8 9 11 -11 -9 13 -3
right_child=3 6 -4 4 -6 -7 7 8 -10 10 -12 -13 -14 -15
leaf_value=-0.00011802242081401383 -0.000606768788140834 0.00017576475980169399 0.00066315072276664693 -0.0031258836961664386 -0.0031547815900371777 -0.00052409257010014633 0.0014406830835026435 -0.00072849251275115151 0.0010092054567144562 0.00051566309236586525 -0.0014898789875702563 -0.0041242178116925061 -0.0021378102435581198 -0.00076789236641062499
leaf_weight=2268 6235 1054 9108 119 258 335 508 102 450 509 304 100 176 1313
leaf_count=2268 6235 1054 9108 119 258 335 508 102 450 509 304 100 176 1313
internal_value=0 0.000319777 0.000507411 -0.000740563 -0.0019122 -0.00120606 -0.000152881 0.000257897 -0.000152243 -0.000667171 -0.000234257 -0.00240954 -0.000471585 -0.000347692
internal_weight=0 15892 11376 6947 712 454 4516 1973 1465 1015 813 202 2543 2367
internal_count=22839 15892 11376 6947 712 454 4516 1973 1465 1015 813 202 2543 2367
is_linear=0
shrinkage=0.03


Tree=10
num_leaves=15
num_cat=0
split_feature=5 0 5 5 2 5 5 2 0 5 0 0 1 4
split_gain=4.60897 1.50745 1.13216 1.15322 1.2401 1.15366 1.08811 1.06612 1.01273 0.924627 1.08397 0.837564 0.847548 0.774449
threshold=0.82904257457348585 0.029770550727492063 0.20899774138904575 0.39104159126553267 0.49475518063451313 0.39566600833881943 0.94211310428701744 0.045638067772170159 0.12520096463022509 0.43723479490806227 0.43063095825648756 0.63971826104179053 0.37263814616755797 0.17321548041788895
decision_type=2 2 2 2 2 2 2 2 2 2 2 2 2 2
left_child=1 -1 13 7 -5 -6 -2 -4 -7 10 -10 -11 -13 -3
right_child=6 2 3 4 5 8 -8 -9 9 11 -12 12 -14 -15
leaf_value=-0.0014838685822570158 -0.00060233408071574046 -0.0037908535332667943 -0.00089682803343687145 -0.00035579432055357022 -0.0021684348174284811 -0.0010092665512270182 -0.0017006815672103465 0.00056345690828737082 0.00010560433018957954 0.00061708743192147113 0.0014939598485791004 -0.0031230757237327368 -0.00026635680666793783 -0.00039718925870707507
leaf_weight=468 2518 101 473 4183 157 391 1198 9237 784 1087 1428 110 622 151
leaf_count=468 2518 101 473 4183 157 391 1198 9237 784 1087 1428 110 622 151
internal_value=0 0.00019787 0.000239905 0.000267152 1.76187e-05 0.000358738 -0.00095643 0.000492323 0.000448464 0.000589861 0.00100188 8.8819e-05 -0.000695645 -0.00175735
internal_weight=0 19192 18724 18472 8762 4579 3716 9710 4422 4031 2212 1819 732 252
internal_count=22908 19192 18724 18472 8762 4579 3716 9710 4422 4031 2212 1819 732 252
is_linear=0
shrinkage=0.03


Tree=11
num_leaves=15
num_cat=0
split_feature=3 5 2 5 0 5 5 0 5 2 1 0 5 2
split_gain=4.98347 1.29787 1.28383 0.85025 0.77818 0.590943 0.861926 0.661272 1.07204 0.651215 0.617864 0.601937 0.582225 1.48195
threshold=0.52445998445998454 0.97169289044289053 0.065710565093725387 0.42410530645824768 0.022091358667360752 0.34163388773603415 0.24233940972222226 0.06560541806443447 0.41781396524777059 0.97955701051751765 0.76596201173723744 0.91027770678933473 0.34793849046467912 0.86370672670982274
decision_type=2 2 2 2 2 2 2 2 2 2 2 2 2 2
left_child=2 5 -1 4 -4 6 -2 8 -7 -9 -8 -12 13 -6
right_child=1 -3 3 -5 12 7 10 9 -10 -11 11 -13 -14 -15
leaf_value=-0.0011436295964969462 -0.0024011156952816665 -0.001814040417842567 -0.0017531455444505686 -0.0001043393934294362 0.00047164032713770191 -0.0032225925030903986 7.7320436822184651e-05 -0.00045120370410478057 -0.00067186232823062417 0.0012528632455454814 0.0030423993030061205 9.9423802838745435e-05 0.00082052321504963487 -0.0022005912908044053
leaf_weight=466 102 625 127 1974 3970 199 801 8087 582 207 145 110 5268 196
leaf_count=466 102 625 127 1974 3970 199 801 8087 582 207 145 110 5268 196
internal_value=0 -0.000486879 0.000400139 0.000462505 0.000579538 -0.00040582 0.000232387 -0.000487257 -0.00132179 -0.000408674 0.00048676 0.00177288 0.00061094 0.000345918
internal_weight=0 10858 12001 11535 9561 10233 1158 9075 781 8294 1056 255 9434 4166
internal_count=22859 10858 12001 11535 9561 10233 1158 9075 781 8294 1056 255 9434 4166
is_linear=0
shrinkage=0.03


Tree=12
num_leaves=15
num_cat=0
split_feature=3 2 5 1 2 4 1 1 5 4 5 5 2 4
split_gain=4.89313 1.75921 1.0302 0.758708 0.614836 0.493335 0.520224 0.665316 0.481391 1.53491 0.464461 0.458197 0.624675 0.504804
threshold=0.63850558304783667 0.22061440234456775 0.9489310322622192 0.9807999508478743 0.97955701051751765 0.96006644518272433 0.85069780965303365 0.722872625100348 0.33419424682957011 0.68719659556582968 0.98045415959252979 0.39829537211664012 0.069550820616181994 0.60461316309469526
decision_type=2 2 2 2 2 2 2 2 2 2 2 2 2 2
left_child=1 11 4 -3 8 6 7 -4 9 -2 -8 12 13 -1
right_child=2 3 5 -5 -6 -7 10 -9 -10 -11 -12 -13 -14 -15
leaf_value=-0.0017099096125137026 -0.00059981634631062913 0.00048927356213775564 -0.0016812281129178718 -0.0021353826745413246 0.001428486429420965 0.00046410518285449384 -0.0037711485443890267 0.00071651566404852931 -0.00060249018726551019 0.0031691536277190049 -0.0013911467237497559 -0.00086213693855207341 0.00020982457980936572 0.00016422339299449994
leaf_weight=327 386 11296 559 100 147 106 169 128 6458 130 131 1007 1609 214
leaf_count=327 386 11296 559 100 147 106 169 128 6458 130 131 1007 1609 214
internal_value=0 0.000292636 -0.000623191 0.000466242 -0.000491565 -0.00148075 -0.00168962 -0.00123449 -0.000532036 0.00034973 -0.00273188 -0.000334039 -8.66925e-05 -0.00096857
internal_weight=0 14553 8214 11396 7121 1093 987 687 6974 516 300 3157 2150 541
internal_count=22767 14553 8214 11396 7121 1093 987 687 6974 516 300 3157 2150 541
is_linear=0
shrinkage=0.03


Tree=13
num_leaves=15
num_cat=0
split_feature=3 1 3 3 5 4 5 1 4 5 5 1 5 0
split_gain=4.04434 1.07259 0.929156 0.718129 0.830672 0.633826 0.702266 0.592359 0.665791 0.568007 1.04991 0.687507 0.501068 0.496416
threshold=0.64607600303476598 0.67218597510828459 0.88851905183872415 0.4139208554988601 0.20899774138904575 0.69100106127722416 0.34163388773603415 0.52080005324813639 0.069965034965034992 0.37542693944162736 0.39750214102198123 0.83944047066865235 0.31097352544053053 0.91027770678933473
decision_type=2 2 2 2 2 2 2 2 2 2 2 2 2 2
left_child=1 3 -2 4 -1 -3 12 8 -4 11 -11 -8 -7 -9
right_child=2 5 7 -5 -6 6 9 13 -10 10 -12 -13 -14 -15
leaf_value=-0.0017235002686617938 -0.00030940515886095402 -0.00036596263107765688 0.00068868157601897212 0.00012189149718457877 0.00068793557691385933 0.00057049315381836098 0.00021024742415325055 -0.00028729771306787276 -0.0018636404807837734 0.0023839912479550369 -0.00017174126565122448 -0.0031148401623153511 0.0029166366794731017 -0.0014372806414325381
leaf_weight=131 5442 2749 103 3592 6915 182 124 1083 860 187 639 102 149 491
leaf_count=131 5442 2749 103 3592 6915 182 124 1083 860 187 639 102 149 491
internal_value=0 0.000307781 -0.000530446 0.000467111 0.000643102 -0.000102421 0.000421424 -0.00100459 -0.00159065 4.2225e-05 0.000406857 -0.00129046 0.00162661 -0.000646028
internal_weight=0 14770 7979 10638 7046 4132 1383 2537 963 1052 826 226 331 1574
internal_count=22749 14770 7979 10638 7046 4132 1383 2537 963 1052 826 226 331 1574
is_linear=0
shrinkage=0.03


Tree=14
num_leaves=15
num_cat=0
split_feature=3 1 2 3 0 2 0 0 3 4 3 2 4 4
split_gain=3.85747 0.918935 0.918869 0.669964 0.791027 0.619732 0.615297 0.650865 0.540569 0.473287 0.458447 0.602825 0.887534 0.66994
threshold=0.57165677772706536 0.33333333333333337 0.045638067772170159 0.97757128895021284 0.28006514657980464 0.1968807953059922 0.14940842076073393 0.1691359379572725 0.60297812592373645 0.4147533579240556 0.69357554034973401 0.12108499159192827 0.43090768078733427 0.4147533579240556
decision_type=2 2 2 2 2 2 2 2 2 2 2 2 2 2
left_child=1 -1 9 6 -5 -6 8 -8 -2 -3 -9 12 -12 -13
right_child=3 2 -4 4 5 -7 7 10 -10 -11 11 13 -14 -15
leaf_value=0.00066773429654778211 -0.002936464803824492 -0.0032493132127448913 0.00020219044034537587 0.00046556254958405214 -0.00022312869982740196 -0.0029377921532316919 0.0016207703614150577 3.986165311859476e-05 -0.00077484826596785729 -0.00057030006318212786 -0.0010235037850016126 -0.00012573605870219861 0.0010386956030068463 -0.0008916909848270605
leaf_weight=4832 112 100 7987 136 104 278 159 2243 1480 146 297 1624 511 2799
leaf_count=4832 112 100 7987 136 104 278 159 2243 1480 146 297 1624 511 2799
internal_value=0 0.000339318 0.000146569 -0.000449388 -0.00149922 -0.00219872 -0.000390438 -0.000278545 -0.000926922 -0.00165933 -0.00031895 -0.000472806 0.000280684 -0.000610454
internal_weight=0 13065 8233 9743 518 382 9225 7633 1592 246 7474 5231 808 4423
internal_count=22808 13065 8233 9743 518 382 9225 7633 1592 246 7474 5231 808 4423
is_linear=0
shrinkage=0.03


Tree=15
num_leaves=15
num_cat=0
split_feature=3 5 2 0 5 1 5 2 5 5 1 3 0 5
split_gain=4.51223 1.65254 1.43011 0.898482 1.00395 0.692205 0.621594 0.596129 0.586963 0.890069 0.803315 0.573414 0.989959 0.541275
threshold=0.63051528146484259 0.96749356047301271 0.22061440234456775 0.41110850972993079 0.39104159126553267 0.85069780965303365 0.39829537211664012 0.90630225752508375 0.37542693944162736 0.35770702958867495 0.3685959083755902 0.96244932621897494 0.33978708250552919 0.98342998034112006
decision_type=2 2 2 2 2 2 2 2 2 2 2 2 2 2
left_child=2 11 6 4 -4 -3 8 -6 9 -1 -11 -2 -13 -7
right_child=1 5 3 -5 7 13 -8 -9 -10 10 -12 12 -14 -15
leaf_value=0.00015054143543390017 -0.00033006145450372565 -0.0012523923563263852 0.00056725648825408552 0.00074105664089335924 -0.00042401586531944086 -0.0048613407229221106 -0.00086224258268004401 0.0019514246997423467 0.0011936660313903423 0.0002214857749144047 -0.0029312303713820427 0.00092066369474986967 -0.0023341843578778506 -0.0019424519912288414
leaf_weight=1443 7356 472 2822 6469 1933 104 945 100 346 123 178 115 313 127
leaf_count=1443 7356 472 2822 6469 1933 104 945 100 346 123 178 115 313 127
internal_value=0 -0.000517975 0.000354559 0.000509556 0.000201095 -0.00191095 -0.000223755 -0.000307172 6.49395e-05 -0.000158994 -0.00164291 -0.000392171 -0.00145963 -0.00325658
internal_weight=0 8487 14359 11324 4855 703 3035 2033 2090 1744 301 7784 428 231
internal_count=22846 8487 14359 11324 4855 703 3035 2033 2090 1744 301 7784 428 231
is_linear=0
shrinkage=0.03


Tree=16
num_leaves=15
num_cat=0
split_feature=3 2 5 3 2 5 2 5 4 5 4 4 2 5
split_gain=3.60825 1.16764 0.825669 0.704291 0.973144 0.607061 0.569694 0.763586 0.555486 0.544913 1.35456 0.495172 0.657957 0.490365
threshold=0.62646055921800425 0.065710565093725387 0.94211310428701744 0.39409442621362756 0.91027770678933473 0.2593159572423574 0.82844926291684573 0.35536903440621537 0.38699160269731547 0.33308282699072594 0.68719659556582968 0.30033566496581404 0.89844951923076932 0.20899774138904575
decision_type=2 2 2 2 2 2 2 2 2 2 2 2 2 2
left_child=1 -1 5 6 -5 -2 13 -8 -6 10 -7 12 -4 -3
right_child=2 3 11 4 8 9 7 -9 -10 -11 -12 -13 -14 -15
leaf_value=-0.00094756890156869294 -0.002691212923277635 -0.001006176538080475 -0.004068496214327119 -4.134025021296567e-05 6.0453065547399816e-05 -0.00031497684895293786 -0.0017217447286955873 0.00045096791425261392 0.0027246014656807809 -0.0004045083104796229 0.003418500751095282 -0.00088682698274398131 -0.0010896525893992974 0.00061292289671782327
leaf_weight=655 100 172 115 4689 113 330 233 388 187 6807 119 919 159 7935
leaf_count=655 100 172 115 4689 113 330 233 388 187 6807 119 919 159 7935
internal_value=0 0.000289878 -0.000488464 0.000348967 6.46397e-05 -0.000369732 0.000511491 -0.000364237 0.00172111 -0.000337738 0.000674519 -0.00122056 -0.0023399 0.000578572
internal_weight=0 14372 8549 13717 4989 7356 8728 621 300 7256 449 1193 274 8107
internal_count=22921 14372 8549 13717 4989 7356 8728 621 300 7256 449 1193 274 8107
is_linear=0
shrinkage=0.03


Tree=17
num_leaves=15
num_cat=0
split_feature=3 2 5 0 0 5 4 4 5 5 5 2 5 2
split_gain=3.23986 1.34349 1.09576 0.816743 0.653937 0.606357 0.496987 0.718832 0.70075 2.4226 1.66694 0.92547 0.53781 1.22922
threshold=0.69357554034973401 0.22061440234456775 0.96749356047301271 0.037487908598127437 0.14137028344466515 0.27666395859661796 0.78583373148590552 0.7621155638397018 0.33976263661202194 0.36119074923547406 0.31648305828651691 0.90630225752508375 0.3425197842633198 0.8676696832579186
decision_type=2 2 2 2 2 2 2 2 2 2 2 2 2 2
left_child=1 3 -2 -1 5 -3 7 12 10 -10 -8 -11 13 -6
right_child=2 4 -4 -5 6 -7 8 -9 9 11 -12 -13 -14 -15
leaf_value=-0.0025837348826283301 -0.00037596269691578227 0.0014891725612996801 -0.0016167914239235295 -0.00015948445858286259 0.00036930314620134104 -0.00036629167205501947 -0.00030274908581976682 0.0022496757918118457 -0.0037078405257866339 -5.1218459220478724e-05 0.0038008474350707333 0.0029270344624734096 0.00071149493575439825 -0.0022346227958091889
leaf_weight=130 6224 179 714 3302 2619 1385 245 230 162 1183 140 102 5966 174
leaf_count=130 6224 179 714 3302 2619 1385 245 230 162 1183 140 102 5966 174
internal_value=0 0.000273919 -0.000503658 -0.000251312 0.000419465 -0.000153934 0.00050234 0.000594124 5.19875e-05 -0.000250659 0.00118947 0.000185188 0.000550652 0.000207082
internal_weight=0 15817 6938 3432 12385 1564 10821 8989 1832 1447 385 1285 8759 2793
internal_count=22755 15817 6938 3432 12385 1564 10821 8989 1832 1447 385 1285 8759 2793
is_linear=0
shrinkage=0.03


Tree=18
num_leaves=15
num_cat=0
split_feature=3 5 2 2 0 5 5 5 2 4 5 4 4 5
split_gain=4.46663 1.16759 1.11524 0.566587 0.5612 0.723439 1.01633 0.901108 0.865558 0.752402 0.587264 1.554 0.566095 0.550614
threshold=0.5637940882478939 0.96051654809774212 0.22061440234456775 0.97955701051751765 0.87905861269238883 0.76409794360822569 0.85423573248582163 0.91869588744588759 0.60885725257845091 0.58130784595043195 0.33308282699072594 0.67534890482651688 0.66775780044573985 0.98208680940435222
decision_type=2 2 2 2 2 2 2 2 2 2 2 2 2 2
left_child=2 3 -1 4 10 8 9 12 -6 -7 11 -2 -8 -3
right_child=1 13 -4 -5 5 6 7 -9 -10 -11 -12 -13 -14 -15
leaf_value=-0.00014819088968237874 -0.00052111981904438809 -0.0021096997799064927 0.00053498990129274262 0.0013726511057133653 0.00013581089708577864 -0.0003083994038923479 -8.2998025382674018e-06 -0.0016821293088719526 0.0023052380658306277 -0.0037805948258936403 -0.00057547933865472899 0.002804555638356476 0.0028482936289207627 -0.00065140915189387371
leaf_weight=2733 470 525 10090 168 604 102 129 133 228 125 6701 173 121 419
leaf_count=2733 470 525 10090 168 604 102 129 133 228 125 6701 173 121 419
internal_value=0 -0.000458932 0.000389382 -0.000353136 -0.000386135 0.000154953 -0.000629806 0.000312923 0.000730317 -0.0022204 -0.000492378 0.000373658 0.00137429 -0.00146243
internal_weight=0 9898 12823 8954 8786 1442 610 383 832 227 7344 643 250 944
internal_count=22721 9898 12823 8954 8786 1442 610 383 832 227 7344 643 250 944
is_linear=0
shrinkage=0.03


Tree=19
num_leaves=15
num_cat=0
split_feature=5 2 2 4 5 4 5 5 5 5 5 5 5 2
split_gain=2.39624 1.81311 0.766778 1.35256 0.724595 0.916856 1.43216 4.00112 3.5865 1.26351 1.25657 1.60696 1.39093 1.05572
threshold=0.46758851081416181 0.065710565093725387 0.093265585256994785 0.45469208211143702 0.20899774138904575 0.37925248785003479 0.33976263661202194 0.31930296170533867 0.36119074923547406 0.45217086834733899 0.36536148839841548 0.37542693944162736 0.37849697576660041 0.26794919225551861
decision_type=2 2 2 2 2 2 2 2 2 2 2 2 2 2
left_child=1 -1 3 -2 -3 6 7 -6 -8 -7 -10 -12 -13 -14
right_child=2 4 -4 -5 5 9 8 -9 10 -11 11 12 13 -15
leaf_value=-0.00095159270857665007 -0.0014404400194152479 -0.0013305641308507807 -0.00053874940568510155 0.0016818397447439012 0.00081476772562203933 0.00017846577019006398 0.0028616184002879463 -0.0020421444062321825 -0.0023602282518538861 -0.0028136877639782292 0.0023740225791409348 -0.0017632310832680271 -0.00082452970514529172 0.00084542899670165075
leaf_weight=1098 189 238 6314 368 1506 8252 719 624 130 129 423 246 401 2266
leaf_count=1098 189 238 6314 368 1506 8252 719 624 130 129 423 246 401 2266
internal_value=0 0.000224999 -0.000444621 0.000622395 0.000311506 0.0003381 0.000611081 -2.21868e-05 0.00093339 0.000132411 0.000533391 0.000646152 0.000395246 0.00059434
internal_weight=0 16032 6871 557 14934 14696 6315 2130 4185 8381 3466 3336 2913 2667
internal_count=22903 16032 6871 557 14934 14696 6315 2130 4185 8381 3466 3336 2913 2667
is_linear=0
shrinkage=0.03


Tree=20
num_leaves=15
num_cat=0
split_feature=5 1 4 5 0 5 5 2 5 5 5 2 1 5
split_gain=2.02171 0.862138 0.926172 0.845038 0.784598 1.58683 1.06601 0.830161 1.4619 0.768067 0.778061 0.711357 0.660397 0.653944
threshold=0.94211310428701744 0.86618409340803193 0.80924443841562688 0.39104159126553267 0.4386291006326225 0.39566600833881943 0.42075181244214233 0.55750670654620593 0.43723479490806227 0.65083677984033861 0.88552800513561236 0.15735153171701396 0.75446570972886773 0.42515187893339157
decision_type=2 2 2 2 2 2 2 2 2 2 2 2 2 2
left_child=3 2 -2 11 5 -5 12 9 13 -8 -11 -1 -6 -9
right_child=1 -3 -4 4 6 -7 7 8 -10 10 -12 -13 -14 -15
leaf_value=-0.00028547283482138178 -0.0012461054990625766 -0.002440234841100058 0.00099226604266370298 -0.0034680232406291808 0.00041932732681636666 -0.00031422229898221883 -0.0012112755188486322 -0.00036659312043339011 -0.00013160867651228713 0.00028232771987631841 -0.0018197671517509182 0.00037058643702128635 0.0018555728391906345 0.0023877674242013236
leaf_weight=1814 673 355 221 148 1630 4812 978 100 1973 955 190 8263 350 346
leaf_count=1814 673 355 221 148 1630 4812 978 100 1973 955 190 8263 350 346
internal_value=0 -0.00118945 -0.000692772 5.19987e-05 -0.000123956 -0.000408328 9.23088e-05 -0.000160924 0.000219034 -0.000593858 -6.64915e-05 0.000252487 0.000673209 0.0017702
internal_weight=0 1249 894 21559 11482 4960 6522 4542 2419 2123 1145 10077 1980 446
internal_count=22808 1249 894 21559 11482 4960 6522 4542 2419 2123 1145 10077 1980 446
is_linear=0
shrinkage=0.03


Tree=21
num_leaves=15
num_cat=0
split_feature=3 2 5 4 0 0 0 3 5 5 5 0 5 2
split_gain=3.24909 1.05776 0.959263 0.666562 0.541344 0.569761 0.695586 0.782568 0.674981 1.10151 0.643403 0.512881 0.820595 0.546099
threshold=0.5637940882478939 0.22061440234456775 0.96749356047301271 0.28849306431273652 0.057800453514739232 0.83247402131448178 0.47833309258991774 0.061361884839810636 0.39104159126553267 0.39750214102198123 0.39013073737614645 0.96006644518272433 0.90667229729729748 0.97955701051751765
decision_type=2 2 2 2 2 2 2 2 2 2 2 2 2 2
left_child=1 -1 11 -4 -3 6 8 -8 10 -10 -6 13 -13 -2
right_child=2 4 3 -5 5 -7 7 -9 9 -11 -12 12 -14 -15
leaf_value=-0.00022780785519869911 -0.00043534121260224387 -0.00063450566676321739 -0.0031842114349685448 -0.00098992767203311864 0.00052171136424613543 -0.00013270873761582201 0.0020365973616286591 0.00071046815327269479 -0.0029361772485292301 6.9676669562777159e-05 0.0027935929360011448 0.0011044554504884506 -0.0016837448952719569 0.0012577741247202668
leaf_weight=2727 8455 407 161 551 2729 1191 454 3398 117 1764 117 456 120 175
leaf_count=2727 8455 407 161 551 2729 1191 454 3398 117 1764 117 456 120 175
internal_value=0 0.000296903 -0.000425209 -0.00148611 0.000437503 0.00048216 0.000567521 0.000866767 0.000323668 -0.00011729 0.000615109 -0.000343159 0.00052358 -0.000401008
internal_weight=0 12904 9918 712 10177 9770 8579 3852 4727 1881 2846 9206 576 8630
internal_count=22822 12904 9918 712 10177 9770 8579 3852 4727 1881 2846 9206 576 8630
is_linear=0
shrinkage=0.03


Tree=22
num_leaves=15
num_cat=0
split_feature=3 0 3 0 0 3 5 5 2 5 2 5 5 5
split_gain=3.25192 0.900137 0.772171 0.645481 0.625066 0.762941 0.779838 0.837328 0.723465 0.638101 0.623796 0.546673 0.5392 1.44998
threshold=0.5637940882478939 0.017574746725969859 0.86130209559689208 0.10148605900095639 0.4386291006326225 0.55178180140698896 0.39104159126553267 0.39566600833881943 0.91402049731182811 0.57499410191884248 0.069550820616181994 0.35666029601315619 0.27666395859661796 0.26706028136161536
decision_type=2 2 2 2 2 2 2 2 2 2 2 2 2 2
left_child=1 -1 3 -2 5 6 11 -8 9 10 -6 12 13 -3
right_child=2 4 -4 -5 8 -7 7 -9 -10 -11 -12 -13 -14 -15
leaf_value=-0.0020435837284359781 -0.0010825677585499104 9.2096477544240256e-05 -0.00082487569335437303 -0.00015435798603586276 -0.00074722592776843924 0.0025543077226982194 -0.0030270468220114704 -0.00028124938327045337 0.0021089710853886101 -0.00068239083650576716 0.00058875076475532718 0.00087905448537753611 -0.00022279978650410404 0.0034937481118332858
leaf_weight=148 759 580 3171 6040 332 110 105 2080 243 425 5984 1057 1738 140
leaf_count=148 759 580 3171 6040 332 110 105 2080 243 425 5984 1057 1738 140
internal_value=0 0.000282617 -0.000438282 -0.000257978 0.000309526 7.96231e-05 3.18661e-05 -0.000413198 0.000500783 0.000442811 0.000518525 0.000308528 6.31874e-05 0.000753529
internal_weight=0 12942 9970 6799 12794 5810 5700 2185 6984 6741 6316 3515 2458 720
internal_count=22912 12942 9970 6799 12794 5810 5700 2185 6984 6741 6316 3515 2458 720
is_linear=0
shrinkage=0.03


Tree=23
num_leaves=15
num_cat=0
split_feature=3 1 5 3 4 4 1 5 3 5 5 5 4 3
split_gain=2.96885 0.957652 0.917345 0.750632 0.698312 0.69403 0.641952 0.591524 1.04985 0.600644 0.58482 0.905879 0.552416 0.534135
threshold=0.69357554034973401 0.33333333333333337 0.96749356047301271 0.39797624735512943 0.77390785344346258 0.82879797605825012 0.25652503941298982 0.88655571373692188 0.84191808166565607 0.91869588744588759 0.82964109213681081 0.7261400155141845 0.86355879615265285 0.73265607810781086
decision_type=2 2 2 2 2 2 2 2 2 2 2 2 2 2
left_child=1 3 4 -1 -2 6 -4 10 -9 -10 11 13 -13 -6
right_child=2 -3 5 -5 7 -7 -8 8 9 -11 -12 12 -14 -15
leaf_value=0.00084561513806204528 -0.00016173269533024134 9.0236601111855111e-05 0.00014264186060665031 0.00014468375792839455 -0.0029894522685117971 0.00018614558793733573 -0.0024672128250857223 0.0021825763816502386 0.00097652752622346978 -0.0017567424531290798 -0.0023451066293523875 -0.0010424200636603366 0.0014982443184699005 -0.00098997915987856697
leaf_weight=3541 4546 10189 104 2248 161 173 460 143 106 228 308 130 189 475
leaf_count=3541 4546 10189 104 2248 161 173 460 143 106 228 308 130 189 475
internal_value=0 0.000265302 -0.000474757 0.000573428 -0.000357355 -0.00147609 -0.00198596 -0.000868447 3.16207e-05 -0.000889297 -0.00120838 -0.000841768 0.000462864 -0.00149614
internal_weight=0 15978 7023 5789 6286 737 564 1740 477 334 1263 955 319 636
internal_count=23001 15978 7023 5789 6286 737 564 1740 477 334 1263 955 319 636
is_linear=0
shrinkage=0.03


Tree=24
num_leaves=15
num_cat=0
split_feature=3 5 5 4 4 5 5 5 5 0 5 5 5 3
split_gain=3.87174 0.961754 0.860894 0.92112 0.707789 0.495455 0.496989 0.614056 0.501542 0.59054 1.34919 0.733863 0.585852 0.677697
threshold=0.63051528146484259 0.96749356047301271 0.98613855950812479 0.74616146218038393 0.99018000642880122 0.20899774138904575 0.24233940972222226 0.25269282079154115 0.25746334569863988 0.44265534892762265 0.40769316040350295 0.41195984508764788 0.37849697576660041 0.28764832546845653
decision_type=2 2 2 2 2 2 2 2 2 2 2 2 2 2
left_child=4 -2 -3 -4 5 -1 -7 -8 -9 10 -10 -12 -11 -14
right_child=1 2 3 -5 -6 6 7 8 9 12 11 -13 13 -15
leaf_value=-0.0010741578566332774 -0.00043460308437471082 -0.002578676785924472 -0.0015806099619197695 0.0016914983019232748 -0.0022158102510216205 0.0014012673898501609 -0.0018245619772819847 0.0022688874031682013 0.00038275286556298114 0.0002045185435874747 -0.0020752621618017127 -0.00034416737751838151 0.001291362275353128 0.00043582406994262875
leaf_weight=235 7758 374 237 115 102 369 123 116 4187 3691 251 1808 1296 2334
leaf_count=235 7758 374 237 115 102 369 123 116 4187 3691 251 1808 1296 2334
internal_value=0 -0.000532315 -0.00157646 -0.000511597 0.00027443 0.000292057 0.000314707 0.000285666 0.000304636 0.000287841 7.35576e-05 -0.000555194 0.000470659 0.000741272
internal_weight=0 8484 726 352 14512 14410 14175 13806 13683 13567 6246 2059 7321 3630
internal_count=22996 8484 726 352 14512 14410 14175 13806 13683 13567 6246 2059 7321 3630
is_linear=0
shrinkage=0.03


Tree=25
num_leaves=15
num_cat=0
split_feature=3 2 5 2 5 2 5 1 2 2 5 5 5 3
split_gain=1.96654 0.708723 1.05397 0.784229 1.01037 0.772247 0.900586 0.7706 0.668588 0.722431 0.68046 0.75331 0.678733 0.614613
threshold=0.63051528146484259 0.90630225752508375 0.33308282699072594 0.82844926291684573 0.80880116506856392 0.22061440234456775 0.42515187893339157 0.83944047066865235 0.0099585130824283909 0.14553114708149398 0.96749356047301271 0.98208680940435222 0.43723479490806227 0.48502491694352162
decision_type=2 2 2 2 2 2 2 2 2 2 2 2 2 2
left_child=1 3 -3 4 5 6 -1 -7 -2 12 -11 -12 -10 -4
right_child=8 2 13 -5 -6 7 -8 -9 9 10 11 -13 -14 -15
leaf_value=-4.502426294620586e-05 -0.0019808124177556454 -0.0014500451738973265 0.00083060079564832188 -0.00075215469936827672 0.0023878679209187424 0.0003806385021526524 -0.0014852296051164626 -0.00044633795841781337 -0.00034555067801271848 -0.00038501664181006458 -0.0025497417745403554 -0.00052004564553499223 0.0010365926556785484 0.003152818721009957
leaf_weight=2662 236 103 214 853 185 8753 458 1147 694 6218 288 384 593 197
leaf_count=2662 236 103 214 853 185 8753 458 1147 694 6218 288 384 593 197
internal_value=0 0.000169459 0.00126362 0.000129453 0.000186402 0.000155122 -0.000256439 0.000284826 -0.00040659 -0.000361156 -0.000483027 -0.00138992 0.000291288 0.00194368
internal_weight=0 14572 514 14058 13205 13020 3120 9900 8413 8177 6890 672 1287 411
internal_count=22985 14572 514 14058 13205 13020 3120 9900 8413 8177 6890 672 1287 411
is_linear=0
shrinkage=0.03


Tree=26
num_leaves=15
num_cat=0
split_feature=3 2 0 5 3 4 4 0 0 4 0 4 5 5
split_gain=3.19573 0.980913 0.709267 1.06698 0.601247 1.05833 0.981406 0.710958 0.614122 0.578819 0.47056 0.494383 0.902765 0.791402
threshold=0.69357554034973401 0.065710565093725387 0.15356346241702726 0.39104159126553267 0.95471040694234455 0.74213277095176977 0.062133834535541339 0.93344407530454054 0.39095627555835172 0.83262425411476282 0.99024387664452818 0.72633357041251789 0.97169289044289053 0.42075181244214233
decision_type=2 2 2 2 2 2 2 2 2 2 2 2 2 2
left_child=1 -1 3 -3 10 6 -6 -8 -7 -5 11 12 -2 -13
right_child=4 2 -4 9 5 8 7 -9 -10 -11 -12 13 -14 -15
leaf_value=-0.00083354046483608815 -0.00019181787401097354 0.00035792962272657879 0.00035431113488756786 -0.0013657799868330605 0.00085448801525953141 0.0022591241432980882 -0.0017816749078828679 -0.0044698752790157288 -0.00070099639914198114 0.00055054243361311297 0.0012980382593915513 -0.0019575711474256459 -0.002846400733105838 -0.00053356615111493433
leaf_weight=759 3707 1182 13018 749 110 101 565 105 168 175 138 454 119 1552
leaf_count=759 3707 1182 13018 749 110 101 565 105 168 175 138 454 119 1552
internal_value=0 0.000218864 0.000271679 -0.000239103 -0.000549805 -0.00121219 -0.00177178 -0.00220296 0.000410424 -0.00100284 -0.000433416 -0.000474387 -0.000274383 -0.000855848
internal_weight=0 15883 15124 2106 7019 1049 780 670 269 924 5970 5832 3826 2006
internal_count=22902 15883 15124 2106 7019 1049 780 670 269 924 5970 5832 3826 2006
is_linear=0
shrinkage=0.03


Tree=27
num_leaves=15
num_cat=0
split_feature=3 2 4 2 1 3 4 4 2 5 4 5 5 4
split_gain=1.61927 0.912355 1.28555 0.720128 0.954025 0.552207 0.530082 0.579304 0.504537 0.554671 0.552853 0.510309 0.500109 0.563819
threshold=0.63051528146484259 0.90630225752508375 0.33990163722254585 0.16134691567628753 0.89301235848550442 0.53626110331930821 0.11375273901510784 0.25680303591262504 0.86370672670982274 0.40376297577854675 0.36755861822086994 0.39972581873571983 0.9489310322622192 0.92963893541782994
decision_type=2 2 2 2 2 2 2 2 2 2 2 2 2 2
left_child=1 3 -3 -1 8 -4 -6 -8 11 10 -10 -5 -2 -14
right_child=12 2 5 4 6 -7 7 -9 9 -11 -12 -13 13 -15
leaf_value=-0.00037041999193205866 -0.00025033888166901309 -0.00035863745309318491 0.0017677558122491564 0.00049703461903427364 -0.0027556437173132924 0.0044693450852859732 0.0016304508424090111 -0.00080820530675947122 -0.0034277381314896048 0.00045088261688943021 -0.00031094118460480656 6.2014725191443537e-05 -0.001197228900667407 0.00078542489361567978
leaf_weight=2138 7334 218 209 6780 104 101 102 624 100 180 105 3780 966 149
leaf_count=2138 7334 218 209 6780 104 101 102 624 100 180 105 3780 966 149
internal_value=0 0.000182548 0.00140659 0.000136095 0.000228063 0.00264795 -0.000752531 -0.000465584 0.000302425 -0.000764321 -0.00183133 0.000341317 -0.000340334 -0.000932282
internal_weight=0 14441 528 13913 11775 310 830 726 10945 385 205 10560 8449 1115
internal_count=22890 14441 528 13913 11775 310 830 726 10945 385 205 10560 8449 1115
is_linear=0
shrinkage=0.03


Tree=28
num_leaves=15
num_cat=0
split_feature=3 0 2 2 3 0 3 0 4 2 4 4 0 1
split_gain=2.52156 0.881594 0.639513 0.578234 1.0994 0.663894 0.563251 1.08862 0.857036 0.47284 0.915737 0.997042 0.893244 0.715595
threshold=0.68979791835631266 0.029770550727492063 0.16134691567628753 0.97955701051751765 0.98169326798207035 0.73428262558697355 0.96244932621897494 0.22049263072885122 0.78583373148590552 0.39500889679715306 0.35163062743707912 0.04576314093712603 0.63584009175063494 0.93436639942563138
decision_type=2 2 2 2 2 2 2 2 2 2 2 2 2 2
left_child=1 -1 -3 6 5 -5 9 -8 -9 12 11 -11 13 -2
right_child=3 2 -4 4 -6 -7 7 8 -10 10 -12 -13 -14 -15
leaf_value=-0.0012034268672413088 0.00079899073076288561 -0.00017911642960881524 0.00036526589687007851 0.00049290649450591049 -0.0020798676502574416 0.0033226586155299291 0.00092534190894014417 -0.0025234102118524356 0.00034484418766463505 -0.0019808497106235386 -0.00090464483302680262 0.00054873738628679085 -0.00071221656043608014 -0.0015921947871504203
leaf_weight=367 996 2281 13074 216 103 114 155 442 119 167 2682 875 976 127
leaf_count=367 996 2281 13074 216 103 114 155 442 119 167 2682 875 976 127
internal_value=0 0.000249667 0.000284397 -0.000435787 0.000625923 0.00147046 -0.000506092 -0.00130012 -0.00191499 -0.000408458 -0.000611416 0.000143324 -4.83741e-05 0.000528572
internal_weight=0 15722 15355 6972 433 330 6539 716 561 5823 3724 1042 2099 1123
internal_count=22694 15722 15355 6972 433 330 6539 716 561 5823 3724 1042 2099 1123
is_linear=0
shrinkage=0.03


Tree=29
num_leaves=15
num_cat=0
split_feature=3 0 5 5 2 0 5 5 5 5 3 2 4 0
split_gain=2.48664 0.674635 0.8633 0.891641 0.713857 0.648054 0.797377 1.1811 0.631787 0.605583 0.669646 0.597565 0.581882 0.575426
threshold=0.69357554034973401 0.4386291006326225 0.39104159126553267 0.39566600833881943 0.22061440234456775 0.65912744811458646 0.37849697576660041 0.42802402651201327 0.37490764119601333 0.94211310428701744 0.71322142064372929 0.92579385080645171 0.93344407530454054 0.029770550727492063
decision_type=2 2 2 2 2 2 2 2 2 2 2 2 2 2
left_child=1 2 13 -4 12 -6 8 -8 -7 10 -2 -5 -3 -1
right_child=9 4 3 11 5 6 7 -9 -10 -11 -12 -13 -14 -15
leaf_value=-0.0013683324508305991 -0.0014884669044229466 3.3296274426200061e-05 -0.0028199780644723575 -0.00036245017677063497 0.00085050875282666682 -1.4486125073425995e-05 0.001305004260061429 -0.00020731024781265591 -0.0019280972612783487 -0.001099388134220269 -0.00026007837637122088 0.0019520976566351374 -0.0018093444960406767 0.00035316206325865018
leaf_weight=183 432 1766 130 2893 3040 1597 1129 790 172 1179 5294 104 169 3877
leaf_count=183 432 1766 130 2893 3040 1597 1129 790 172 1179 5294 104 169 3877
internal_value=0 0.000201895 -1.29877e-05 -0.000387639 0.000380166 0.000526212 0.000258896 0.000682426 -0.000200547 -0.000480239 -0.000352755 -0.000282132 -0.000127637 0.000275568
internal_weight=0 15850 7187 3127 8663 6728 3688 1919 1769 6905 5726 2997 1935 4060
internal_count=22755 15850 7187 3127 8663 6728 3688 1919 1769 6905 5726 2997 1935 4060
is_linear=0
shrinkage=0.03


Tree=30
num_leaves=15
num_cat=0
split_feature=3 2 3 0 1 2 2 3 0 1 1 3 3 0
split_gain=2.35452 0.646017 0.47512 0.726295 0.462852 0.751083 0.671743 0.659603 0.995423 0.465481 0.470164 0.461182 0.57473 0.695321
threshold=0.57165677772706536 0.22061440234456775 0.86130209559689208 0.10148605900095639 0.40476328245246557 0.03770354096665806 0.14553114708149398 0.79541704170417049 0.49022790934555643 0.36092355324264686 0.33333333333333337 0.73265607810781086 0.63850558304783667 0.2084816319344007
decision_type=2 2 2 2 2 2 2 2 2 2 2 2 2 2
left_child=1 -1 3 -2 5 -5 -7 9 -9 10 -8 12 13 -6
right_child=2 -3 -4 4 11 6 7 8 -10 -11 -12 -13 -14 -15
leaf_value=-0.00014441997646645176 -0.0010696800145310432 0.00037009501003358575 -0.00065534091416892277 -0.002933135746057173 -0.0014165249717308602 0.001266226487681018 -0.00016097616193618962 -0.0030781449635767124 -0.00024302494508104727 -0.0016216855249702106 0.0019057540055451409 0.00050976162373497845 -0.00062304247182453764 0.00088539373598940825
leaf_weight=2790 779 10321 3182 102 146 222 1336 198 255 181 107 1561 1113 618
leaf_count=2790 779 10321 3182 102 146 222 1336 198 255 181 107 1561 1113 618
internal_value=0 0.000260607 -0.000354094 -0.000209251 -9.44584e-05 -0.000414075 -0.000302312 -0.000469965 -0.00148222 -0.000187607 -7.7259e-06 0.000128753 -0.000188112 0.000445498
internal_weight=0 13111 9800 6618 5839 2401 2299 2077 453 1624 1443 3438 1877 764
internal_count=22911 13111 9800 6618 5839 2401 2299 2077 453 1624 1443 3438 1877 764
is_linear=0
shrinkage=0.03


Tree=31
num_leaves=15
num_cat=0
split_feature=3 1 4 3 4 1 4 1 1 2 3 2 1 5
split_gain=2.1169 0.731804 0.646703 0.648607 1.05575 0.697583 0.990287 0.893186 0.756809 0.768371 0.749833 0.696185 0.684905 0.679913
threshold=0.5637940882478939 0.88176930596285452 0.92179640585876055 0.86130209559689208 0.8557295489764295 0.52080005324813639 0.062133834535541339 0.30496866890309515 0.87371918167511819 0.14553114708149398 0.89621009336031865 0.95595352307856318 0.91885032240362197 0.42224461188014722
decision_type=2 2 2 2 2 2 2 2 2 2 2 2 2 2
left_child=1 -1 3 -2 5 6 -5 10 11 -10 -8 13 -11 -7
right_child=2 -3 -4 4 -6 8 7 -9 9 12 -12 -13 -14 -15
leaf_value=0.00034982166756956527 -0.00020861672072606548 -0.00047124161060216118 0.00039471015072330563 0.0015259526462548158 -0.0027032254635834122 0.0020852192092323833 0.0012668272653933274 -0.0025693646183004896 0.00080325363475027716 -0.0034942111839892293 -0.0013160095853444972 0.0021900791223337756 -0.00088569844081921238 -0.00039800867337012625
leaf_weight=11945 6061 1064 1079 110 231 118 132 397 158 127 433 158 316 624
leaf_count=11945 6061 1064 1079 110 231 118 132 397 158 127 433 158 316 624
internal_value=0 0.000282667 -0.00029875 -0.000383155 -0.000760428 -0.000586006 -0.00117052 -0.00147884 -0.000168555 -0.000992898 -0.000712586 0.000381923 -0.00163351 -3.10181e-06
internal_weight=0 13009 9944 8865 2804 2573 1072 962 1501 601 565 900 443 742
internal_count=22953 13009 9944 8865 2804 2573 1072 962 1501 601 565 900 443 742
is_linear=0
shrinkage=0.03


Tree=32
num_leaves=15
num_cat=0
split_feature=3 1 5 5 5 5 0 4 5 4 5 5 5 0
split_gain=1.39566 0.777377 0.721383 0.690733 1.19241 1.16641 0.997451 0.787824 0.717976 2.30848 0.678455 0.975122 0.554047 0.65402
threshold=0.37051375878220144 0.84730589022757719 0.97169289044289053 0.33308282699072594 0.39288076341647776 0.39750214102198123 0.34751566554845253 0.16507144165598098 0.31930296170533867 0.39511342316220371 0.34163388773603415 0.3555484274246612 0.26706028136161536 0.1810034424088949
decision_type=2 2 2 2 2 2 2 2 2 2 2 2 2 2
left_child=1 3 -2 8 7 -6 -7 10 12 -10 -5 -12 13 -1
right_child=2 -3 -4 4 5 6 -8 -9 9 -11 11 -13 -14 -15
leaf_value=0.0017443547002330888 -8.5166646465443776e-05 -0.00050596330602488979 -0.0011203591219468663 -0.00011589172463502408 -0.0026990310094552115 -0.00053603118162610409 0.00075948492374252588 0.00082498918166078357 -0.0031435269047354964 0.0011116454170060979 0.0050584396657132368 0.0018176229166480915 0.00069504283253860044 -0.0006469126521816826
leaf_weight=120 13646 850 634 103 120 799 1618 2019 231 228 109 358 1207 724
leaf_count=120 13646 850 634 103 120 799 1618 2019 231 228 109 358 1207 724
internal_value=0 0.000354652 -0.000131127 0.000450451 0.000650111 0.000187889 0.00033122 0.00110305 4.26992e-05 -0.00102985 0.00208797 0.00257404 0.000282728 -0.000306922
internal_weight=0 8486 14280 7636 5126 2537 2417 2589 2510 459 570 467 2051 844
internal_count=22766 8486 14280 7636 5126 2537 2417 2589 2510 459 570 467 2051 844
is_linear=0
shrinkage=0.03


Tree=33
num_leaves=15
num_cat=0
split_feature=3 0 4 5 5 5 5 5 0 0 5 5 5 5
split_gain=1.28921 0.833464 0.706228 0.755685 2.30139 2.14813 1.75085 0.727448 0.838599 0.777728 1.05479 0.650561 1.12603 0.581788
threshold=0.86130209559689208 0.057800453514739232 0.78583373148590552 0.33976263661202194 0.37542693944162736 0.38301446945337631 0.31648305828651691 0.7261400155141845 0.35139452551593137 0.65154154788301144 0.45217086834733899 0.77899269979508212 0.86007794375907909 0.20899774138904575
decision_type=2 2 2 2 2 2 2 2 2 2 2 2 2 2
left_child=1 -1 13 6 -5 -6 -4 9 -9 -7 -11 -10 -13 -3
right_child=-2 2 3 4 5 7 -8 8 11 10 -12 12 -14 -15
leaf_value=-0.00071475197835713046 -0.00054820148900983231 -0.0012551518709411006 -0.00044185993003457692 -0.0021818265024825907 0.0033285437916201772 -0.0012009434286538567 0.002650782405170032 0.0017445284223481629 0.0019583341412876239 0.00087241799049998748 -0.002057451215058822 -0.0021319648618265082 0.00074165494321365606 0.0002687922173473625
leaf_weight=1057 3157 229 459 546 160 929 257 291 102 466 145 242 249 14585
leaf_count=1057 3157 229 459 546 160 929 257 291 102 466 145 242 249 14585
internal_value=0 0.000104774 0.000151196 -0.000211021 -0.000412149 -3.82154e-05 0.000668209 -0.000260444 0.000425503 -0.000654195 0.000177114 -0.000221776 -0.000674671 0.000245235
internal_weight=0 19717 18660 3846 3130 2584 716 2424 884 1540 611 593 491 14814
internal_count=22874 19717 18660 3846 3130 2584 716 2424 884 1540 611 593 491 14814
is_linear=0
shrinkage=0.03


Tree=34
num_leaves=15
num_cat=0
split_feature=3 3 4 4 5 0 2 5 2 5 0 2 0 4
split_gain=2.13771 0.72207 0.581712 1.24428 0.711293 0.632909 0.899311 0.757043 0.901157 0.747942 0.663828 0.608104 0.604183 0.576342
threshold=0.5637940882478939 0.89621009336031865 0.04576314093712603 0.10562218193650352 0.33308282699072594 0.894652766100555 0.85575346784363193 0.76656366294524203 0.097268829231916501 0.82427884615384628 0.085418194173715559 0.041733654876741695 0.2084816319344007 0.6990128908659935
decision_type=2 2 2 2 2 2 2 2 2 2 2 2 2 2
left_child=-1 2 -2 -4 13 7 -7 10 -9 12 -6 -12 -10 -5
right_child=1 -3 3 4 5 6 -8 8 9 -11 11 -13 -14 -15
leaf_value=0.00021421624713547074 -0.0015075167833204783 -0.00082887596356047519 0.0016342351050489933 9.0733203503291421e-05 -0.0019679357449536861 0.00090469199078061055 -0.0016064280229357054 0.0026127876991773485 0.0020089666270684831 -0.00055115427021325768 -0.0022466621617664682 -0.00049533596838941332 4.5269141918096703e-05 0.0020473151104740423
leaf_weight=12941 307 2358 327 434 365 666 159 109 206 1504 191 2713 447 197
leaf_count=12941 307 2358 327 434 365 666 159 109 206 1504 191 2713 447 197
internal_value=0 -0.000370071 -0.000228187 -0.000174517 -0.000259121 -0.000354436 0.000420731 -0.000469976 -4.857e-05 -0.000183057 -0.000762085 -0.000610523 0.000664751 0.000701584
internal_weight=0 9983 7625 7318 6991 6360 825 5535 2266 2157 3269 2904 653 631
internal_count=22924 9983 7625 7318 6991 6360 825 5535 2266 2157 3269 2904 653 631
is_linear=0
shrinkage=0.03


Tree=35
num_leaves=15
num_cat=0
split_feature=3 0 2 1 3 2 2 1 4 4 3 0 2 0
split_gain=1.32134 0.818086 0.438822 0.404544 0.48555 0.376508 0.937136 0.673113 0.651762 0.590274 0.737714 1.11199 0.781121 0.571177
threshold=0.69357554034973401 0.0099585130824283909 0.03770354096665806 0.41666666666666674 0.48880356452098178 0.14553114708149398 0.049786653919017022 0.66787229875301968 0.3118891471140684 0.77390785344346258 0.95471040694234455 0.23235879926020772 0.87541535574322471 0.68308775731310944
decision_type=2 2 2 2 2 2 2 2 2 2 2 2 2 2
left_child=1 -1 3 -3 -5 6 8 13 -2 10 -7 -12 -13 -8
right_child=5 2 -4 4 -6 9 7 -9 -10 -11 11 12 -14 -15
leaf_value=-0.0023954623524973235 -0.002144997555243089 -0.0022107521668283058 0.00023660824123229919 -0.0014392018783054932 0.0012883290013996885 -4.2951475340484235e-05 0.00097075701364779366 0.0019843865648642707 -2.8395730866701854e-05 -0.0008930814911689073 0.0010834915166187242 -0.0030768606609108246 -0.00064879901671483365 -0.0017152026630434635
leaf_weight=109 184 124 15438 119 116 3476 199 311 454 1601 151 240 237 111
leaf_count=109 184 124 15438 119 116 3476 199 311 454 1601 151 240 237 111
internal_value=0 0.000194625 0.000212496 -0.000824379 -9.28462e-05 -0.000300885 0.000168678 0.000998289 -0.000638826 -0.00040451 -0.000213914 -0.0011602 -0.00187047 9.01016e-06
internal_weight=0 15906 15797 359 235 6964 1259 621 638 5705 4104 628 477 310
internal_count=22870 15906 15797 359 235 6964 1259 621 638 5705 4104 628 477 310
is_linear=0
shrinkage=0.03


Tree=36
num_leaves=15
num_cat=0
split_feature=5 0 0 4 0 5 5 0 5 2 5 1 0 4
split_gain=0.922125 1.16605 0.653338 0.683673 0.506716 0.5185 0.431485 0.970559 1.59404 0.959874 0.841382 0.946439 0.757022 0.653044
threshold=0.92799574766697746 0.92573892221362242 0.8597311034595837 0.92179640585876055 0.006420562288729492 0.92127217606108258 0.39104159126553267 0.47833309258991774 0.39566600833881943 0.96414747082280428 0.41960483355809503 0.18530782438067209 0.91407592353951894 0.87116023064826154
decision_type=2 2 2 2 2 2 2 2 2 2 2 2 2 2
left_child=4 2 3 -2 -1 6 -6 8 -8 13 12 -12 -9 -10
right_child=1 -3 -4 -5 5 -7 7 10 9 -11 11 -13 -14 -15
leaf_value=-0.0017310727243897851 -0.00090034268186232978 -0.0026876299681940249 0.0016134610851017285 0.0013329776046177844 0.00019031512436622962 0.001762090184376575 -0.0032125645349572033 0.00048379646161357667 -0.00049078977344727437 0.0024879602165892721 0.00085075142378299412 -0.00027443822686624395 0.0022872198156756729 0.0004837500951313728
leaf_weight=143 940 231 134 142 10039 160 173 1481 4160 110 842 3348 244 727
leaf_count=143 940 231 134 142 10039 160 173 1481 4160 110 842 3348 244 727
internal_value=0 -0.00073371 -0.000362529 -0.000607245 4.87686e-05 6.07268e-05 4.78401e-05 -8.11908e-05 -0.00038145 -0.000283435 0.000181251 -4.83261e-05 0.000738889 -0.000345815
internal_weight=0 1447 1216 1082 21427 21284 21124 11085 5170 4997 5915 4190 1725 4887
internal_count=22874 1447 1216 1082 21427 21284 21124 11085 5170 4997 5915 4190 1725 4887
is_linear=0
shrinkage=0.03


Tree=37
num_leaves=15
num_cat=0
split_feature=3 1 5 4 1 5 1 5 5 4 5 4 5 5
split_gain=1.91146 0.826425 0.775472 0.509982 0.658278 0.821068 0.613844 0.559396 1.03329 1.20656 0.928699 1.2958 0.71879 1.55306
threshold=0.57165677772706536 0.67218597510828459 0.96749356047301271 0.68719659556582968 0.48407384865084196 0.37490764119601333 0.5518937584154977 0.33976263661202194 0.37542693944162736 0.48281766650921121 0.30031454317055567 0.26835686777920414 0.366834786872614 0.36119074923547406
decision_type=2 2 2 2 2 2 2 2 2 2 2 2 2 2
left_child=1 3 -2 7 -5 -6 -7 10 9 12 -1 -12 13 -9
right_child=2 -3 -4 4 5 6 -8 8 -10 -11 11 -13 -14 -15
leaf_value=0.00068813848812959949 -0.00024690064755700063 -0.00015561235524140079 -0.0012588240914132062 -0.00033162123707629706 -0.00037120613431996521 0.0033372836259068614 0.00081904181677578802 0.0020530681132635707 0.0004103765349149376 -0.00010681080481840047 -0.0016893301571519498 0.00036411929710231707 0.0031368736686980827 -0.0016102709151679781
leaf_weight=1284 9063 3598 737 1649 313 134 249 579 3320 358 473 666 305 127
leaf_count=1284 9063 3598 737 1649 313 134 249 579 3320 358 473 666 305 127
internal_value=0 0.000231361 -0.000323001 0.000378588 -5.07186e-06 0.000768606 0.0017001 0.00050509 0.000696349 0.00138987 0.000134965 -0.00048863 0.00191985 0.00139408
internal_weight=0 13055 9800 9457 2345 696 383 7112 4689 1369 2423 1139 1011 706
internal_count=22855 13055 9800 9457 2345 696 383 7112 4689 1369 2423 1139 1011 706
is_linear=0
shrinkage=0.03


Tree=38
num_leaves=15
num_cat=0
split_feature=3 2 2 1 1 0 4 0 3 2 1 0 2 0
split_gain=1.08777 0.814528 0.438293 0.670872 0.581045 0.528703 0.628303 0.55878 0.486786 0.731049 0.645164 0.604968 0.567195 0.621612
threshold=0.52827054472513024 0.069550820616181994 0.97955701051751765 0.8126045150501674 0.43247919199476298 0.9679601240989143 0.60066560347309916 0.98668881506090822 0.86130209559689208 0.65162612374405093 0.88478125831928311 0.037487908598127437 0.91402049731182811 0.4982517268781711
decision_type=2 2 2 2 2 2 2 2 2 2 2 2 2 2
left_child=1 -1 5 4 -4 8 7 -7 -2 -10 12 -12 -11 -14
right_child=2 -3 3 -5 -6 6 -8 -9 9 10 11 -13 13 -15
leaf_value=-0.00095123738092708313 -0.00017812931039647869 0.00025496257194221816 0.00016591663799212815 -0.00098445584360814208 0.0027389606370124965 0.00089182546674805194 0.0016874774988588346 -0.0018222983728074247 -0.00015257529929510385 -0.0014344754629744066 -0.0010939614690589504 -0.0043456164714606371 0.0013294574764414608 -0.00098446776731521348
leaf_weight=527 7215 11475 156 147 160 149 269 126 1281 645 104 102 178 253
leaf_count=527 7215 11475 156 147 160 149 269 126 1281 645 104 102 178 253
internal_value=0 0.000201999 -0.000213142 0.000689852 0.00146872 -0.000253646 0.000656625 -0.000351737 -0.000304289 -0.000659437 -0.0011659 -0.002704 -0.000871435 -2.88327e-05
internal_weight=0 12002 10785 463 316 10322 544 275 9778 2563 1282 206 1076 431
internal_count=22787 12002 10785 463 316 10322 544 275 9778 2563 1282 206 1076 431
is_linear=0
shrinkage=0.03


Tree=39
num_leaves=15
num_cat=0
split_feature=3 2 0 5 2 5 2 5 0 2 5 2 2 5
split_gain=1.45889 1.00482 0.757737 0.568465 0.602482 0.88962 1.0506 0.649528 0.582733 0.815796 0.73595 0.530658 0.963275 0.734968
threshold=0.4139208554988601 0.045638067772170159 0.029770550727492063 0.40939332764586805 0.093265585256994785 0.42802402651201327 0.049786653919017022 0.8156601945881502 0.8597311034595837 0.03770354096665806 0.39288076341647776 0.86370672670982274 0.62438931388670438 0.4059501654259719
decision_type=2 2 2 2 2 2 2 2 2 2 2 2 2 2
left_child=1 -1 -3 8 5 -5 7 -7 9 -2 -10 12 13 -4
right_child=3 2 11 4 -6 6 -8 -9 10 -11 -12 -13 -14 -15
leaf_value=-0.0018491310766427824 -0.0017694392055137161 -0.0017066747918163725 0.00037872668185309961 -0.0014640091034854538 -0.00047933765416063303 0.0011128544597743134 0.0024264146189951529 -0.0013310512803339709 0.0003051416232492514 -2.5559104065006335e-05 0.0026080444431112659 -0.00069949210259639787 0.00093508210533327168 -0.00036171152629499816
leaf_weight=202 257 168 4944 184 7515 203 249 189 643 3985 155 432 2111 1596
leaf_count=202 257 168 4944 184 7515 203 249 189 643 3985 155 432 2111 1596
internal_value=0 0.000244014 0.000289719 -0.000242842 -0.000394854 0.000374716 0.000902524 -6.54572e-05 8.7012e-06 -0.000131211 0.000752447 0.000326644 0.000377886 0.000198033
internal_weight=0 9453 9251 13380 8340 825 641 392 5040 4242 798 9083 8651 6540
internal_count=22833 9453 9251 13380 8340 825 641 392 5040 4242 798 9083 8651 6540
is_linear=0
shrinkage=0.03


Tree=40
num_leaves=15
num_cat=0
split_feature=3 2 0 0 2 1 2 2 2 4 3 1 3 4
split_gain=1.14797 0.790039 0.648059 1.25812 0.766666 1.50223 0.646734 0.766815 0.769891 0.632641 0.617415 0.607293 0.763302 0.840974
threshold=0.4139208554988601 0.053841856532439496 0.85214329454990823 0.82840710541642415 0.89081502667884449 0.67621587127945681 0.79365029987805802 0.60885725257845091 0.66774718924030696 0.50673408307636503 0.73265607810781086 0.43247919199476298 0.78361614418560077 0.4147533579240556
decision_type=2 2 2 2 2 2 2 2 2 2 2 2 2 2
left_child=1 -1 3 4 11 -6 7 9 -9 10 -4 12 -2 -14
right_child=2 -3 6 -5 5 -7 -8 8 -10 -11 -12 -13 13 -15
leaf_value=-0.001385731219955651 -0.00036459881166299766 0.00028180150716729577 0.00052215917452887975 -0.0020823797186365605 0.00081846559547910569 -0.0013657913894432538 -0.00052316680342011357 0.0039980242790325594 0.0008998922000970005 0.00077749138565538312 -0.0013922012603789981 -0.00010483468135621325 -0.00034008550303371018 -0.0019790038216097828
leaf_weight=263 3178 9221 285 344 1318 361 716 102 247 828 324 4450 498 649
leaf_count=263 3178 9221 285 344 1318 361 716 102 247 828 324 4450 498 649
internal_value=0 0.000235559 -0.000196437 -0.00029724 -0.000238498 0.000348831 0.000238605 0.000543996 0.00180536 0.000237651 -0.000496318 -0.000350877 -0.00060403 -0.00126742
internal_weight=0 9484 13300 10798 10454 1679 2502 1786 349 1437 609 8775 4325 1147
internal_count=22784 9484 13300 10798 10454 1679 2502 1786 349 1437 609 8775 4325 1147
is_linear=0
shrinkage=0.03


Tree=41
num_leaves=15
num_cat=0
split_feature=3 2 5 1 2 1 2 3 5 5 2 3 1 2
split_gain=1.38579 0.804254 0.666796 0.596583 0.413556 1.56975 0.564542 0.466166 0.522747 0.829051 0.867065 0.727946 0.967687 0.779756
threshold=0.63051528146484259 0.16134691567628753 0.99196464313847044 0.9807999508478743 0.92190404275092941 0.88478125831928311 0.96804382394561406 0.88851905183872415 0.86007794375907909 0.82904257457348585 0.55750670654620593 0.84191808166565607 0.85866095903270634 0.69847700038654825
decision_type=2 2 2 2 2 2 2 2 2 2 2 2 2 2
left_child=1 -1 4 -3 7 -6 -7 8 9 -2 -11 12 13 -10
right_child=2 3 -4 -5 5 6 -8 -9 11 10 -12 -13 -14 -15
leaf_value=-0.00034688831009497222 -0.00021284087822892643 0.00030360932846952386 -0.0019889184608417264 -0.001956834004761405 0.00075638870212026566 -0.00066092031271155192 -0.0036066234751174655 -0.00076670437853480593 -0.00092705298138698973 0.00019381163841899251 -0.002933086537578494 -0.00075147297023714138 0.003459489295278994 0.0016106831165338268
leaf_weight=2136 4001 12126 204 106 1025 134 104 1751 201 128 212 286 123 238
leaf_count=2136 4001 12126 204 106 1025 134 104 1751 201 128 212 286 123 238
internal_value=0 0.000190228 -0.000294704 0.000284021 -0.00025257 0.000246751 -0.00194812 -0.000343441 -0.000200613 -0.000333698 -0.0017559 0.000480661 0.00110769 0.000448758
internal_weight=0 14368 8407 12232 8203 1263 238 6940 5189 4341 340 848 562 439
internal_count=22775 14368 8407 12232 8203 1263 238 6940 5189 4341 340 848 562 439
is_linear=0
shrinkage=0.03


Tree=42
num_leaves=15
num_cat=0
split_feature=3 0 5 2 0 5 2 4 4 4 5 4 3 5
split_gain=1.29391 0.810459 0.611289 1.16749 0.682139 0.801969 0.67712 0.659865 0.647348 0.638643 1.55556 0.963347 0.609195 0.756349
threshold=0.43378239438749283 0.029770550727492063 0.33308282699072594 0.86370672670982274 0.47833309258991774 0.39104159126553267 0.40695704779189357 0.81701408218387261 0.16908415668138185 0.16908415668138185 0.30749259664922318 0.12560476802617743 0.16026757795050481 0.31930296170533867
decision_type=2 2 2 2 2 2 2 2 2 2 2 2 2 2
left_child=1 -1 3 9 5 8 7 -6 -4 10 11 -3 13 -11
right_child=-2 2 4 -5 6 -7 -8 -9 -10 12 -12 -13 -14 -15
leaf_value=-0.0017166483049558061 -0.00019970040431649505 0.0009463281275287473 0.0019130636752423904 -0.0026635919964625213 0.00054619163569193032 -0.00029100650016433959 0.0011175403387032395 -0.0012023857769926484 0.0003502959884294014 9.2559360670890241e-05 -0.0029341288262258957 -0.0019466734799133403 0.00068762477332088624 -0.0023231426931565979
leaf_weight=184 12899 383 294 147 1143 1747 1955 234 1265 633 202 142 1460 143
leaf_count=184 12899 383 294 147 1143 1747 1955 234 1265 633 202 142 1460 143
internal_value=0 0.000255853 0.000293085 -5.39914e-05 0.000455696 0.000150386 0.000758622 0.000249048 0.000645007 7.54758e-05 -0.000696944 0.00016384 0.000326616 -0.000352602
internal_weight=0 9932 9748 3110 6638 3306 3332 1377 1559 2963 727 525 2236 776
internal_count=22831 9932 9748 3110 6638 3306 3332 1377 1559 2963 727 525 2236 776
is_linear=0
shrinkage=0.03


Tree=43
num_leaves=15
num_cat=0
split_feature=5 2 5 3 2 5 4 2 3 2 2 0 3 0
split_gain=0.883679 0.834407 0.903848 0.688268 0.67084 0.905483 1.00525 0.782663 0.653619 0.998541 0.596146 1.00445 0.611583 0.593182
threshold=0.39972581873571983 0.03770354096665806 0.35352218089449339 0.47290821172610314 0.093265585256994785 0.59294577205882371 0.46256287531299173 0.045638067772170159 0.30740474080638019 0.32773095001355873 0.92190404275092941 0.92966787060301515 0.85353936601255276 0.43460998106407678
decision_type=2 2 2 2 2 2 2 2 2 2 2 2 2 2
left_child=1 2 3 -1 5 -2 -7 -8 9 -6 12 -12 -10 -11
right_child=4 -3 -4 -5 8 6 7 -9 10 13 11 -13 -14 -15
leaf_value=-0.0015525068921777301 -0.00036919911653441597 0.0002362147776277164 -0.0026209388294328863 0.0016249512404549952 -0.00092549131599520382 -0.00037865077089748578 0.0010935019115431907 0.0039937906419019523 -0.00033013406093642913 -3.1182754214064006e-05 0.00044610944083920697 -0.0018815001535480598 -0.00097773039912565527 0.0011948191202227878
leaf_weight=117 498 10645 195 129 492 182 188 151 5529 648 1370 190 1721 786
leaf_count=117 498 10645 195 129 492 182 188 151 5529 648 1370 190 1721 786
internal_value=0 0.00018324 -0.00109548 0.000113721 -0.00019012 0.000545501 0.00141982 0.00238537 -0.00025994 0.000240696 -0.000369387 0.000162619 -0.00048386 0.00064081
internal_weight=0 11086 441 246 11755 1019 521 339 10736 1926 8810 1560 7250 1434
internal_count=22841 11086 441 246 11755 1019 521 339 10736 1926 8810 1560 7250 1434
is_linear=0
shrinkage=0.03


Tree=44
num_leaves=15
num_cat=0
split_feature=0 5 1 0 4 2 2 0 5 5 4 5 1 0
split_gain=0.681684 0.5023 0.443316 0.642087 0.510253 0.468073 0.734401 0.453809 0.405389 0.34243 0.812235 0.389838 0.320651 0.318574
threshold=0.006420562288729492 0.92751859364435441 0.96006644518272433 0.069527570209299866 0.94867404285212509 0.87154370540265047 0.78582838886353279 0.65912744811458646 0.92127217606108258 0.20899774138904575 0.30033566496581404 0.21726190476190479 0.26476400837014652 0.14137028344466515
decision_type=2 2 2 2 2 2 2 2 2 2 2 2 2 2
left_child=-1 8 3 -3 5 6 7 -5 9 10 -2 -11 -7 -13
right_child=1 2 -4 4 -6 12 -8 -9 -10 11 -12 13 -14 -15
leaf_value=-0.001848676161667598 -0.0026481536584136009 0.001906038970348232 -0.0020973767345430147 0.00034193510411998474 0.0012578790513582006 0.00089005026492356711 -0.0035888134883675493 -0.0019475292502008129 0.0017513725246681132 0.0018605752866458864 0.00078669083015170296 -0.00024055447311379833 -0.00062148430027101503 0.00010749299155256445
leaf_weight=175 133 106 142 161 129 168 113 151 128 109 116 2725 509 18010
leaf_count=175 133 106 142 161 129 168 113 151 128 109 116 2725 509 18010
internal_value=0 3.09065e-05 -0.000503644 -0.000334377 -0.000527296 -0.000736269 -0.00151661 -0.000766107 6.81621e-05 5.79478e-05 -0.00104799 7.11591e-05 -0.000246392 6.17525e-05
internal_weight=0 22700 1479 1337 1231 1102 425 312 21221 21093 249 20844 677 20735
internal_count=22875 22700 1479 1337 1231 1102 425 312 21221 21093 249 20844 677 20735
is_linear=0
shrinkage=0.03


Tree=45
num_leaves=15
num_cat=0
split_feature=3 2 5 5 0 3 5 5 2 2 2 0 2 0
split_gain=0.990161 0.621444 0.885025 0.942596 0.865936 0.707361 0.672254 0.694757 0.610573 0.52581 0.525794 0.986529 1.05336 0.734153
threshold=0.68979791835631266 0.56915089663586815 0.28223572639909561 0.21726190476190479 0.097268829231916501 0.14455478162650606 0.28223572639909561 0.26706028136161536 0.54983370349498906 0.76986141258974794 0.1968807953059922 0.97199529442520105 0.0099585130824283909 0.93725098045343047
decision_type=2 2 2 2 2 2 2 2 2 2 2 2 2 2
left_child=1 6 3 -3 -4 -5 7 -1 -8 -7 11 12 -2 -12
right_child=10 2 4 5 -6 9 8 -9 -10 -11 13 -13 -14 -15
leaf_value=0.00028303266480615263 -0.002159975368916294 0.0017445929899679309 -0.00080738464298595047 -0.003479293441503412 0.00064479533197318926 0.000221071960505746 -9.1143226156272886e-06 0.0019355938366226999 -0.0013082367701113915 -0.0023533561987452069 -0.00027186672339902731 0.0026185522827651951 0.00031862631446906821 -0.0014591176955347314
leaf_weight=937 177 109 399 108 5009 207 8235 303 339 109 5023 143 1204 517
leaf_count=937 177 109 399 108 5009 207 8235 303 339 109 5023 143 1204 517
internal_value=0 0.00018054 0.000422703 -0.000743634 0.000537654 -0.0013833 3.39452e-05 0.000686844 -6.04792e-05 -0.000666943 -0.000246912 0.000246564 9.48908e-07 -0.000382663
internal_weight=0 15755 5941 533 5408 424 9814 1240 8574 316 7064 1524 1381 5540
internal_count=22819 15755 5941 533 5408 424 9814 1240 8574 316 7064 1524 1381 5540
is_linear=0
shrinkage=0.03


Tree=46
num_leaves=15
num_cat=0
split_feature=3 2 4 1 4 4 1 1 1 4 1 3 0 2
split_gain=0.748825 0.395495 0.60675 0.594812 0.388696 0.606314 0.515782 0.881952 0.65875 0.947531 0.755323 0.661052 0.66502 0.538375
threshold=0.86526660052180959 0.03770354096665806 0.45868110643581433 0.41666666666666674 0.049916943521594696 0.10166712975826621 0.52080005324813639 0.39682219419924342 0.8126045150501674 0.6830525637485042 0.96737348576781435 0.90820464084897456 0.21640567653535603 0.46260092822175608
decision_type=2 2 2 2 2 2 2 2 2 2 2 2 2 2
left_child=1 2 -1 -4 -2 -6 7 -7 11 10 -10 12 -8 -11
right_child=4 -3 3 -5 5 6 8 -9 9 13 -12 -13 -14 -15
leaf_value=-0.0018480894527964052 0.00074567843134361084 0.00010666642824124163 -0.001727162447059527 0.0008371767702008403 -0.0028041775836689987 -0.00045828262652781901 -0.0024354276197430277 -0.0024713910477965747 -0.0008683640910906185 0.0018724633758759191 -0.0035992931727910548 0.0011734382151622586 0.0005184449657987234 -0.00045588409472176953
leaf_weight=239 236 19155 116 273 101 794 112 260 352 145 123 504 177 233
leaf_count=239 236 19155 116 273 101 794 112 260 352 145 123 504 177 233
internal_value=0 8.23788e-05 -0.000658431 7.24895e-05 -0.000423563 -0.000522078 -0.000436711 -0.000954875 -0.00010491 -0.000683577 -0.00157553 0.000517541 -0.000626308 0.000437265
internal_weight=0 19783 628 389 3037 2801 2700 1054 1646 853 475 793 289 378
internal_count=22820 19783 628 389 3037 2801 2700 1054 1646 853 475 793 289 378
is_linear=0
shrinkage=0.03


Tree=47
num_leaves=15
num_cat=0
split_feature=3 0 5 4 3 4 3 5 0 4 4 1 4 1
split_gain=1.05548 0.448696 0.43076 1.09102 0.675948 0.477738 0.335691 0.761442 0.819023 0.5353 0.550179 0.560867 0.524237 0.601992
threshold=0.52445998445998454 0.017574746725969859 0.33737428160919547 0.6990128908659935 0.54003484320557504 0.88701474536931701 0.93911649944258657 0.73564339042599924 0.041528018837679787 0.062133834535541339 0.93344407530454054 0.88176930596285452 0.54181934469479953 0.63279969262295099
decision_type=2 2 2 2 2 2 2 2 2 2 2 2 2 2
left_child=1 -1 3 -2 -4 -5 -6 -8 -9 -10 11 12 13 -11
right_child=2 -3 4 5 6 -7 7 8 9 10 -12 -13 -14 -15
leaf_value=-0.001521512854593591 -0.00020535146982030903 0.00025057017590665473 -0.0016989479320008638 0.0028675426278645571 -0.00012270729850957793 0.00034652431371384561 0.0013793458799763723 0.0016537846764549612 0.00087902137287678794 -0.001266399381266575 0.00067806622517560056 -0.0031709112794934117 -0.0020264840949620485 0.0013309793133081224
leaf_weight=130 745 11906 277 187 8166 106 151 105 109 247 109 163 367 119
leaf_count=130 745 11906 277 187 8166 106 151 105 109 247 109 163 367 119
internal_value=0 0.00023143 -0.000176574 0.0004046 -0.000238049 0.0019555 -0.000195613 -0.000630176 -0.0008791 -0.00111784 -0.00133441 -0.00157923 -0.00122528 -0.000421896
internal_weight=0 12036 10851 1038 9813 293 9536 1370 1219 1114 1005 896 733 366
internal_count=22887 12036 10851 1038 9813 293 9536 1370 1219 1114 1005 896 733 366
is_linear=0
shrinkage=0.03


Tree=48
num_leaves=15
num_cat=0
split_feature=3 2 2 2 0 5 5 5 2 0 0 3 4 2
split_gain=1.36057 0.80595 0.53819 0.491199 0.762331 0.514725 0.940049 0.75668 0.734762 0.539022 0.514907 0.401346 0.362387 0.329781
threshold=0.5637940882478939 0.22061440234456775 0.0099585130824283909 0.1968807953059922 0.029770550727492063 0.59294577205882371 0.83949368535344893 0.41380867489181916 0.085366742375475216 0.42664391353811154 0.8245883940620784 0.73652281313571655 0.83262425411476282 0.1968807953059922
decision_type=2 2 2 2 2 2 2 2 2 2 2 2 2 2
left_child=1 13 -2 4 -4 7 8 10 -7 -9 -6 -12 -8 -1
right_child=2 -3 3 -5 5 6 12 9 -10 -11 11 -13 -14 -15
leaf_value=-0.00013967246569078493 -0.0016707074968716831 0.0003117198057179629 -0.0023498018295273625 -0.00035020934595917698 -4.4272917819342011e-05 0.0034730383249815307 -0.00097654830021505696 0.00024949253739994331 0.00075396055235767937 -0.0023399867989523783 0.00044923663220833987 0.0029889616829210093 0.0011716639525855149 -0.0011155648514099663
leaf_weight=2407 244 10151 101 7759 611 169 201 118 190 187 120 105 109 358
leaf_count=2407 244 10151 101 7759 611 169 201 118 190 187 120 105 109 358
internal_value=0 0.000188038 -0.000279209 -0.000244097 0.000186736 0.000328278 0.00098897 -5.9105e-05 0.00203397 -0.00133816 0.000407534 0.00163444 -0.000221209 -0.000266027
internal_weight=0 12916 9914 9670 1911 1810 669 1141 359 305 836 225 310 2765
internal_count=22830 12916 9914 9670 1911 1810 669 1141 359 305 836 225 310 2765
is_linear=0
shrinkage=0.03


Tree=49
num_leaves=15
num_cat=0
split_feature=5 5 5 4 0 4 1 1 5 5 5 2 2 4
split_gain=0.700065 0.531077 0.520885 0.441014 0.43198 0.42282 0.470034 0.426329 0.404384 0.411134 0.30097 0.592788 0.365842 0.766627
threshold=0.96749356047301271 0.20899774138904575 0.21726190476190479 0.30033566496581404 0.006420562288729492 0.83262425411476282 0.26476400837014652 0.46421832884097036 0.9887494575437582 0.97758234111643738 0.41781396524777059 0.026031985749690217 0.093265585256994785 0.42263052876621227
decision_type=2 2 2 2 2 2 2 2 2 2 2 2 2 2
left_child=1 3 -3 -1 -4 6 -2 -8 9 -9 11 -6 13 -12
right_child=5 2 4 -5 10 -7 7 8 -10 -11 12 -13 -14 -15
leaf_value=-0.0023990588677084484 0.0004136652190234223 0.0021195724886781142 -0.0014986418001911419 8.6166715621330113e-05 -0.0011312627833970682 0.00040347717966035226 -0.003456608153320849 -0.00076797412117011836 -0.0001439860966744494 -0.0034620609404877401 -0.00084403243488557036 0.00015882326353906868 -0.00016199529074337828 0.0011868436842412118
leaf_weight=149 116 107 167 113 329 170 100 100 165 104 248 12490 8017 514
leaf_count=149 116 107 167 113 329 170 100 100 165 104 248 12490 8017 514
internal_value=0 1.54656e-05 3.1549e-05 -0.00132719 2.1284e-05 -0.000913502 -0.00129621 -0.00171913 -0.00124826 -0.00214143 3.30363e-05 0.000125713 -0.000102289 0.000525876
internal_weight=0 22134 21872 262 21765 755 585 469 369 204 21598 12819 8779 762
internal_count=22889 22134 21872 262 21765 755 585 469 369 204 21598 12819 8779 762
is_linear=0
shrinkage=0.03


Tree=50
num_leaves=15
num_cat=0
split_feature=5 2 2 1 0 2 4 4 2 2 2 4 2 1
split_gain=0.534285 0.700283 0.923735 0.832391 0.747772 0.978505 0.520983 0.745683 0.706411 0.852936 0.552268 0.517999 0.439567 0.429369
threshold=0.96749356047301271 0.90630225752508375 0.86370672670982274 0.88478125831928311 0.8013583321802501 0.87541535574322471 0.10166712975826621 0.077973876535531048 0.049786653919017022 0.1092432701218272 0.17712434383202103 0.90647783897193823 0.94867404285212509 0.23283179878733443
decision_type=2 2 2 2 2 2 2 2 2 2 2 2 2 2
left_child=1 2 6 -3 5 -4 7 8 -1 -10 -11 13 -5 -2
right_child=11 3 4 12 -6 -7 -8 -9 9 10 -12 -13 -14 -15
leaf_value=-0.0022831236528698356 0.00062199473783409998 0.00087550875156920758 -0.0022668146735313238 0.0002882133529168888 -0.0027261657479901 0.00015476215227002961 -3.7718478791230452e-05 0.0015258672139982902 0.002914544467019128 -0.0019916329670525653 0.00029515717209980288 0.0010802105494548339 -0.0024271340962565904 -0.001500170006437575
leaf_weight=100 103 1433 211 103 175 521 17384 465 106 103 1231 111 112 514
leaf_count=100 103 1433 211 103 175 521 17384 465 106 103 1231 111 112 514
internal_value=0 1.9612e-05 -2.86798e-05 0.000614351 -0.000964439 -0.000543261 1.50941e-05 0.000472996 0.000155084 0.000324404 0.000118591 -0.000806482 -0.00112629 -0.0011459
internal_weight=0 21944 20296 1648 907 732 19389 2005 1540 1440 1334 728 215 617
internal_count=22672 21944 20296 1648 907 732 19389 2005 1540 1440 1334 728 215 617
is_linear=0
shrinkage=0.03


Tree=51
num_leaves=15
num_cat=0
split_feature=3 2 2 2 1 4 1 0 2 1 2 4 1 4
split_gain=0.699454 0.742994 0.605478 0.667101 0.512187 0.678453 0.469506 0.473481 0.405217 1.32347 0.484641 0.527937 0.451569 0.45132
threshold=0.49667770419426055 0.065710565093725387 0.1092432701218272 0.36320638957677981 0.35714285714285721 0.68719659556582968 0.054183576547793773 0.50176687269775877 0.92190404275092941 0.86234020153406532 0.1968807953059922 0.96790217337977735 0.96388096208724028 0.022305140961857383
decision_type=2 2 2 2 2 2 2 2 2 2 2 2 2 2
left_child=1 -1 -3 4 5 -4 7 -2 10 -10 11 -8 -11 -12
right_child=6 2 3 -5 -6 -7 8 -9 9 12 13 -13 -14 -15
leaf_value=-0.0010868542208340335 -0.00020692707478718936 0.0012268983835845733 0.00062507468089084152 0.00030475677436954938 -0.0004989229576928887 -0.00093904803875029816 2.5220199436711675e-05 -0.0020326542891024686 0.00077369597344112634 -0.0022576634600538336 -0.0018058240992336614 0.0018929467446267092 4.5854599192375084e-05 -0.00031598667621239899
leaf_weight=432 265 477 1034 6878 2105 329 2246 247 1166 203 188 145 123 6880
leaf_count=432 265 477 1034 6878 2105 329 2246 247 1166 203 188 145 123 6880
internal_value=0 0.000133183 0.000181881 0.0001337 -0.000205551 0.000247528 -0.000199756 -0.0010877 -0.000158241 0.000301249 -0.000230718 0.000138487 -0.00138854 -0.000355614
internal_weight=0 11255 10823 10346 3468 1363 11463 512 10951 1492 9459 2391 326 7068
internal_count=22718 11255 10823 10346 3468 1363 11463 512 10951 1492 9459 2391 326 7068
is_linear=0
shrinkage=0.03


Tree=52
num_leaves=15
num_cat=0
split_feature=3 2 1 1 3 1 4 1 0 0 2 0 0 0
split_gain=0.603239 0.434578 0.336633 0.438281 0.417659 0.597872 0.452963 0.344722 0.330725 0.373543 0.310816 1.42873 1.01788 0.662899
threshold=0.5637940882478939 0.22061440234456775 0.18530782438067209 0.20061919504643963 0.54003484320557504 0.5241785585801656 0.96790217337977735 0.93003496503496519 0.88697141155449677 0.84810337747664521 0.94108003857280631 0.93344407530454054 0.96006644518272433 0.72637626201241356
decision_type=2 2 2 2 2 2 2 2 2 2 2 2 2 2
left_child=1 8 -3 -4 6 -6 7 -5 9 -1 12 13 -2 -12
right_child=10 2 3 4 5 -7 -8 -9 -10 -11 11 -13 -14 -15
leaf_value=-0.00021606311882556758 -0.00031108365105732706 0.00056763495085421299 -0.0013462901193846415 0.00021496609965673355 0.0027306851293162804 9.9693792074228102e-05 -0.0015079729331065775 -0.00074344835067528597 0.00084496868794461293 -0.0020783767452703253 0.00021843818240931007 -0.0025199073112172473 0.00098720702348089749 0.0019231718413621267
leaf_weight=2408 8215 2185 173 6954 138 178 148 355 254 101 762 143 582 281
leaf_count=2408 8215 2185 173 6954 138 178 148 355 254 101 762 143 582 281
internal_value=0 0.000146902 0.000237857 0.000147174 0.000180413 0.00124867 0.000135144 0.000168416 -0.000186599 -0.000291031 -0.000163727 0.000292171 -0.00022519 0.000677719
internal_weight=0 12894 10131 7946 7773 316 7457 7309 2763 2509 9983 1186 8797 1043
internal_count=22877 12894 10131 7946 7773 316 7457 7309 2763 2509 9983 1186 8797 1043
is_linear=0
shrinkage=0.03


Tree=53
num_leaves=15
num_cat=0
split_feature=3 1 5 2 5 5 5 5 4 3 4 5 5 5
split_gain=0.800317 0.405421 0.391407 0.388906 1.17103 1.34848 0.938764 1.0344 0.747853 0.629905 0.766297 1.3335 1.02912 0.671694
threshold=0.86130209559689208 0.11774608833432366 0.4011676952448609 0.63218254396375018 0.28223572639909561 0.27157623408416776 0.31994623655913984 0.32193096649435676 0.34775410308090993 0.3665537641175865 0.27244085893466702 0.4011676952448609 0.3907652819846324 0.41781396524777059
decision_type=2 2 2 2 2 2 2 2 2 2 2 2 2 2
left_child=3 -2 -3 8 5 -5 -6 -8 -1 10 11 12 -9 -13
right_child=1 2 -4 4 6 -7 7 9 -10 -11 -12 13 -14 -15
leaf_value=0.00034479230124320466 -0.0015053608959374541 0.00080431196754455125 -0.00039955248214215987 -0.00020689760934912505 0.0017778416821526643 -0.0039930183202714509 -0.0021775585403649949 -5.2210940216207329e-05 -0.00013539930689977152 0.00018419828899463798 0.001446791970788591 0.0033990476045291868 -0.0034932992015773035 0.00037413043716010084
leaf_weight=4423 269 268 2612 329 424 114 146 277 8584 4106 922 120 109 147
leaf_count=4423 269 268 2612 329 424 114 146 277 8584 4106 922 120 109 147
internal_value=0 -0.000391558 -0.000287526 0.00012351 0.00030931 -0.0011812 0.00041494 0.000315769 2.78887e-05 0.000379847 0.0008899 0.0001036 -0.00102392 0.00173364
internal_weight=0 3149 2880 19701 6694 443 6251 5827 13007 5681 1575 653 386 267
internal_count=22850 3149 2880 19701 6694 443 6251 5827 13007 5681 1575 653 386 267
is_linear=0
shrinkage=0.03


Tree=54
num_leaves=15
num_cat=0
split_feature=3 5 4 5 2 1 2 4 1 5 4 5 5 4
split_gain=0.745363 0.537088 1.20308 0.636187 0.471636 0.427016 0.82805 0.585425 0.482862 0.760428 0.391629 0.570824 0.51391 1.15005
threshold=0.5637940882478939 0.33308282699072594 0.6990128908659935 0.30229649654569785 0.22061440234456775 0.74220486111111128 0.8676696832579186 0.81701408218387261 0.39232416516094498 0.33976263661202194 0.10973698294976682 0.42224461188014722 0.35770702958867495 0.46677181913774979
decision_type=2 2 2 2 2 2 2 2 2 2 2 2 2 2
left_child=4 2 -2 -4 -1 7 -7 -6 9 -9 11 -3 13 -12
right_child=1 10 3 -5 5 6 -8 8 -10 -11 12 -13 -14 -15
leaf_value=-0.00023562662612524446 -0.00020120144045263853 0.0013971608756391074 0.0008330484036028989 0.0040826428567859964 0.00039628590686728945 -1.2859072268744386e-05 -0.0023250493998731797 0.0010054915730142965 0.00029010516498523525 -0.0017009816143850949 0.00063922686432419371 -0.00024313111789199153 -0.00030234515745367188 -0.0024683580168764468
leaf_weight=2762 575 290 111 106 7186 1814 151 124 489 379 169 559 7941 293
leaf_count=2762 575 290 111 106 7186 1814 151 124 489 379 169 559 7941 293
internal_value=0 -0.000232708 0.000517093 0.00242041 0.000111923 0.000206563 -0.000190539 0.000301979 -0.000381179 -0.00103378 -0.000296893 0.000317157 -0.000358934 -0.0013316
internal_weight=0 10044 792 217 12905 10143 1965 8178 992 503 9252 849 8403 462
internal_count=22949 10044 792 217 12905 10143 1965 8178 992 503 9252 849 8403 462
is_linear=0
shrinkage=0.03


Tree=55
num_leaves=15
num_cat=0
split_feature=5 2 2 4 3 4 1 3 5 4 5 4 5 2
split_gain=0.610536 0.609396 0.534924 1.80026 0.468368 0.989548 0.817846 0.460132 0.782724 0.781785 0.479639 0.464822 0.429588 1.03395
threshold=0.94211310428701744 0.91402049731182811 0.86370672670982274 0.10166712975826621 0.98608691444057317 0.4906958629046218 0.96006644518272433 0.63452795955395203 0.88655571373692188 0.30809445809445818 0.90900642695848544 0.74616146218038393 0.39104159126553267 0.026031985749690217
decision_type=2 2 2 2 2 2 2 2 2 2 2 2 2 2
left_child=1 2 12 -4 6 -6 -2 9 -9 -3 -10 -11 13 -1
right_child=4 7 3 -5 5 -7 -8 8 10 11 -12 -13 -14 -15
leaf_value=-0.0016152446685546733 -0.00061857111285950142 -0.0001442542942301397 -0.0042343603417144288 -0.00021135359395133411 -0.0014045266039829584 0.002277150429940472 -0.0033288558849476672 -0.00040189215217785695 0.0031862280830754759 0.0033546948820886236 0.00065213058936173347 0.00087410814459012304 -8.5937250653259556e-05 0.00025126706155152994
leaf_weight=275 828 173 112 943 128 135 114 549 101 178 201 110 9647 9304
leaf_count=275 828 173 112 943 128 135 114 549 101 178 201 110 9647 9304
internal_value=0 5.9815e-05 1.92794e-05 -0.000638441 -0.00063405 0.000485308 -0.000946567 0.000686418 0.000272912 0.00144974 0.00149963 0.00240725 5.53708e-05 0.000197682
internal_weight=0 21593 20281 1055 1205 263 942 1312 851 461 302 288 19226 9579
internal_count=22798 21593 20281 1055 1205 263 942 1312 851 461 302 288 19226 9579
is_linear=0
shrinkage=0.03


Tree=56
num_leaves=15
num_cat=0
split_feature=0 3 5 5 3 2 1 2 5 5 2 3 5 2
split_gain=0.593882 0.901059 0.70437 0.720836 0.602259 0.586611 0.681179 0.583506 0.502942 0.58691 0.618419 0.564083 0.622025 0.554541
threshold=0.41110850972993079 0.96244932621897494 0.39104159126553267 0.39566600833881943 0.96601206520343996 0.045638067772170159 0.29276689726850502 0.01765237442353235 0.94211310428701744 0.59294577205882371 0.3548937575690852 0.50076923076923086 0.42569978811196613 0.44619520264681561
decision_type=2 2 2 2 2 2 2 2 2 2 2 2 2 2
left_child=2 7 5 -4 8 -1 -7 -2 9 10 -5 12 13 -12
right_child=1 -3 3 4 -6 6 -8 -9 -10 -11 11 -13 -14 -15
leaf_value=-0.0016704697213194603 -0.0012466032952215755 -0.0010327227512130918 -0.0025014975064163829 -0.0012528370564390593 0.001026226529820965 -0.00073438145835933951 0.0003580820242388 0.00022281755394443282 -0.0016752409755756625 2.1440209419167329e-05 0.0026504486323524774 -0.0010728090995587335 -0.00092038880948386607 0.00030147544086832107
leaf_weight=158 248 562 143 964 274 605 3403 12613 271 2104 110 511 314 509
leaf_count=158 248 562 143 964 274 605 3403 12613 271 2104 110 511 314 509
internal_value=0 0.000143101 -0.000168165 -0.000401029 -0.000341633 0.000122496 0.000193177 0.000194483 -0.000419992 -0.000344599 -0.000664428 -0.000271612 0.000167201 0.000718902
internal_weight=0 13423 9366 5200 5057 4166 4008 12861 4783 4512 2408 1444 933 619
internal_count=22789 13423 9366 5200 5057 4166 4008 12861 4783 4512 2408 1444 933 619
is_linear=0
shrinkage=0.03


Tree=57
num_leaves=15
num_cat=0
split_feature=0 3 4 1 5 4 4 3 0 3 3 5 4 3
split_gain=0.782038 0.640277 0.536485 0.499807 1.42283 0.634597 0.40603 0.403211 0.361197 0.735092 0.518535 0.667276 0.642918 0.464778
threshold=0.017574746725969859 0.62646055921800425 0.66340666347839961 0.95592859785423612 0.90969190213361906 0.60066560347309916 0.99018000642880122 0.60297812592373645 0.236200688481779 0.79147482088658572 0.97388462631429396 0.98342998034112006 0.73813279254919639 0.86130209559689208
decision_type=2 2 2 2 2 2 2 2 2 2 2 2 2 2
left_child=2 6 -1 8 5 -5 7 -2 9 -3 11 -10 -12 -11
right_child=1 3 -4 4 -6 -7 -8 -9 10 13 12 -13 -14 -15
leaf_value=-0.0021893593804724514 0.00010335760638115891 -0.00057612457906243484 -0.0001047660895390436 0.00059547216856489641 -0.0018470681052816312 0.0034032752020086376 -0.0017733367861105626 0.00093339283644717976 -0.00034476140720731492 0.0015077100130626469 -0.0020131026985437932 0.0020584910594910943 0.00073082105303183195 0.00016191312315230416
leaf_weight=250 13566 788 200 149 127 141 101 548 5456 362 332 106 100 638
leaf_count=250 13566 788 200 149 127 141 101 548 5456 362 332 106 100 638
internal_value=0 2.48519e-07 -0.00126287 -0.000210876 0.000800982 0.00196065 0.000122022 0.000135585 -0.000265096 0.000109119 -0.000376724 -0.00029896 -0.00137794 0.000649092
internal_weight=0 22414 450 8199 417 290 14215 14114 7782 1788 5994 5562 432 1000
internal_count=22864 22414 450 8199 417 290 14215 14114 7782 1788 5994 5562 432 1000
is_linear=0
shrinkage=0.03


Tree=58
num_leaves=15
num_cat=0
split_feature=0 3 3 2 1 2 1 1 2 0 3 4 2 4
split_gain=0.724937 0.619948 0.476982 1.10141 0.600986 0.389368 1.74653 0.787728 1.0899 0.555257 0.555367 0.476641 0.601877 0.501494
threshold=0.017574746725969859 0.76006756756756766 0.37434526258055673 0.065710565093725387 0.56789172342548999 0.89482604817127576 0.73444413716814172 0.93003496503496519 0.86370672670982274 0.6988184397822953 0.83398446441924712 0.40691830740781038 0.03770354096665806 0.43090768078733427
decision_type=2 2 2 2 2 2 2 2 2 2 2 2 2 2
left_child=1 -1 3 4 -2 7 9 8 11 -7 -11 12 -4 -13
right_child=2 -3 5 -5 -6 6 -8 -9 -10 10 -12 13 -14 -15
leaf_value=-0.00018766056281573911 -0.00060622407307499738 -0.0024663039364598016 -0.0014358414744820552 0.00025000028995536777 -0.0034825148246730268 0.00049539766312776783 -0.0010219847547141118 0.00074079949745241823 -0.0015986664923356912 0.0029014042720171104 0.00063846576409018105 -0.0017446006990960478 0.00020811775705858044 -0.00026893901284580482
leaf_weight=235 179 198 213 8213 103 1089 650 802 502 203 188 214 3397 6590
leaf_count=235 179 198 213 8213 103 1089 650 802 502 203 188 214 3397 6590
internal_value=0 -0.00122963 9.72715e-06 0.000186703 -0.00165678 -9.88378e-05 0.000274279 -0.00016666 -0.000233331 0.000843584 0.00181334 -0.000167516 0.00011112 -0.000315352
internal_weight=0 433 22343 8495 282 13848 2130 11718 10916 1480 391 10414 3610 6804
internal_count=22776 433 22343 8495 282 13848 2130 11718 10916 1480 391 10414 3610 6804
is_linear=0
shrinkage=0.03


Tree=59
num_leaves=15
num_cat=0
split_feature=2 5 5 5 3 2 2 1 5 4 2 2 4 5
split_gain=0.906759 0.639364 1.24737 0.546452 0.575231 1.54757 0.933288 0.956275 0.862599 0.65556 0.715745 0.588835 0.561208 0.622257
threshold=0.03770354096665806 0.81615855979295138 0.42802402651201327 0.41380867489181916 0.77195839762272145 0.077452933086735912 0.52951424472227926 0.66399846311475419 0.65083677984033861 0.87910292322057038 0.23247625286603343 0.17712434383202103 0.94108003857280631 0.41781396524777059
decision_type=2 2 2 2 2 2 2 2 2 2 2 2 2 2
left_child=1 2 -1 -2 6 -6 8 12 9 -5 -11 -10 13 -8
right_child=3 -3 -4 4 5 -7 7 -9 11 10 -12 -13 -14 -15
leaf_value=-0.0012032484664958576 0.00018325902342603134 -0.0026725385250643855 0.0017566650573422611 -0.00047670717331647731 0.0023377077227104558 -0.00051520846371198631 0.0028089729924525679 -0.0003727302632183893 0.0020137208958059612 -0.0036583076101614036 -0.00038406322357823717 3.9561005517801578e-05 0.0029366899364126416 0.00054513726553747515
leaf_weight=586 12270 155 164 1538 179 3890 116 917 178 131 111 576 104 1885
leaf_count=586 12270 155 164 1538 179 3890 116 917 178 131 111 576 104 1885
internal_value=0 -0.000918513 -0.000556014 5.05188e-05 -0.000118699 -0.000389705 7.97752e-05 0.00043582 -0.000344836 -0.000705081 -0.00215648 0.000505609 0.000788048 0.000676374
internal_weight=0 905 750 21895 9625 4069 5556 3022 2534 1780 242 754 2105 2001
internal_count=22800 905 750 21895 9625 4069 5556 3022 2534 1780 242 754 2105 2001
is_linear=0
shrinkage=0.03


Tree=60
num_leaves=15
num_cat=0
split_feature=3 2 2 4 2 4 4 4 4 5 5 3 3 0
split_gain=0.822633 0.752157 1.19434 0.666136 0.505954 1.00457 0.422998 0.366126 0.435307 0.360018 0.565309 0.359272 0.537163 0.356238
threshold=0.68979791835631266 0.12108499159192827 0.03770354096665806 0.2127622025010085 0.90630225752508375 0.27244085893466702 0.99018000642880122 0.29255479969765691 0.32784171099772014 0.95296152970635106 0.84820819112627999 0.88851905183872415 0.82640199161425587 0.02593199680578322
decision_type=2 2 2 2 2 2 2 2 2 2 2 2 2 2
left_child=4 2 -2 9 6 -6 13 -5 -9 10 -3 12 -4 -1
right_child=1 3 11 7 5 -7 -8 8 -10 -11 -12 -13 -14 -15
leaf_value=-0.00089940672800860777 -0.00056617110689234293 9.091178373152118e-05 0.0011835903897948752 -0.0014067855032354707 -0.00077494747226070884 0.0017961456916875979 -0.0016459157268755228 0.0010225366168225458 -0.00051199698837995603 -0.00095519037153582171 0.001824622391281521 0.00038112390973967392 0.0036079088811022345 0.00014145368737021586
leaf_weight=302 547 626 277 394 201 428 123 173 4344 169 232 216 117 14739
leaf_count=302 547 626 277 394 201 428 123 173 4344 169 232 216 117 14739
internal_value=0 -0.000248074 0.000451691 -0.000384421 0.000140809 0.00097454 0.000106226 -0.000529727 -0.000453225 0.000310415 0.000559701 0.00136443 0.0019035 0.000120555
internal_weight=0 7095 1157 5938 15793 629 15164 4911 4517 1027 858 610 394 15041
internal_count=22888 7095 1157 5938 15793 629 15164 4911 4517 1027 858 610 394 15041
is_linear=0
shrinkage=0.03


Tree=61
num_leaves=15
num_cat=0
split_feature=0 3 5 4 5 3 2 2 2 5 2 3 5 5
split_gain=0.707494 0.594317 0.587633 1.57795 0.759194 0.733939 0.553065 0.421135 0.391784 0.594446 0.783176 0.533052 0.547628 0.514729
threshold=0.017574746725969859 0.52445998445998454 0.33737428160919547 0.6990128908659935 0.31097352544053053 0.54003484320557504 0.065710565093725387 0.1092432701218272 0.35907565588773643 0.33308282699072594 0.84407690905777299 0.50076923076923086 0.4011676952448609 0.37490764119601333
decision_type=2 2 2 2 2 2 2 2 2 2 2 2 2 2
left_child=-1 6 3 -3 -5 -4 -2 -8 11 10 -10 12 -9 -11
right_child=1 2 5 4 -6 -7 7 8 9 13 -12 -13 -14 -15
leaf_value=-0.0011755680142180938 -0.00083232378338188296 -0.00018587495468091219 -0.0017040129311433727 0.00093010209743123575 0.0040226376592851637 -0.00016856434659690605 0.0010652871554761546 7.3265990558516367e-05 6.445490180336178e-05 0.00094273362070095143 -0.0018489918137337407 0.0017222831602347025 -0.00077435462094662983 0.000281692189061156
leaf_weight=452 477 750 289 147 139 9177 496 2496 1841 1469 215 141 946 3809
leaf_count=452 477 750 289 147 139 9177 496 2496 1841 1469 215 141 946 3809
internal_value=0 2.32493e-05 -0.000141203 0.000537129 0.00243312 -0.000215442 0.000168504 0.000210333 0.000171489 0.000297105 -0.000135638 -8.56337e-05 -0.000159694 0.000465677
internal_weight=0 22392 10502 1036 286 9466 11890 11413 10917 7334 2056 3583 3442 5278
internal_count=22844 22392 10502 1036 286 9466 11890 11413 10917 7334 2056 3583 3442 5278
is_linear=0
shrinkage=0.03


Tree=62
num_leaves=15
num_cat=0
split_feature=5 4 0 1 4 0 4 4 0 0 4 3 1 3
split_gain=0.54301 0.598167 0.97674 0.64889 0.617183 0.518735 0.619478 0.99482 0.536678 0.508224 0.624207 0.612258 0.583135 0.614051
threshold=0.20899774138904575 0.77390785344346258 0.97951519051082647 0.84730589022757719 0.73422675166861229 0.78184868822452736 0.91418526180976312 0.99018000642880122 0.30825978666955445 0.89065012057877824 0.61648985477392115 0.28384967529010968 0.18530782438067209 0.98169326798207035
decision_type=2 2 2 2 2 2 2 2 2 2 2 2 2 2
left_child=-1 3 5 9 -5 6 -3 8 -8 11 -11 -2 -13 -14
right_child=1 2 -4 4 -6 -7 7 -9 -10 10 -12 12 13 -15
leaf_value=-0.0014151846379056054 0.00036414694610542857 -0.00050508242534431501 0.0018867289883151117 -0.00051856054706838543 0.0014243400467197844 -0.00094243269328852164 0.0012444363970363509 -0.0020633544549734022 -2.3291695331555193e-05 0.00052236389891397101 0.0030980745344510617 0.00038688657950163707 -0.00013420741888541237 -0.0019962731238663128
leaf_weight=259 4904 2482 175 2345 157 1183 569 144 637 421 106 2143 7194 163
leaf_count=259 4904 2482 175 2345 157 1183 569 144 637 421 106 2143 7194 163
internal_value=0 -3.36962e-05 -0.000316418 5.04733e-05 -0.000396644 -0.000393298 -0.000223771 0.000293426 0.000574832 0.000125397 0.00104044 9.19185e-05 -4.86087e-05 -0.000175463
internal_weight=0 22623 5190 17433 2502 5015 3832 1350 1206 14931 527 14404 9500 7357
internal_count=22882 22623 5190 17433 2502 5015 3832 1350 1206 14931 527 14404 9500 7357
is_linear=0
shrinkage=0.03


Tree=63
num_leaves=15
num_cat=0
split_feature=3 5 4 1 3 4 3 5 1 3 2 5 4 3
split_gain=0.826754 0.558478 0.474061 0.421117 0.691207 0.527301 0.509658 0.451031 0.4377 0.420009 0.378187 0.360228 1.25242 0.483229
threshold=0.5637940882478939 0.25746334569863988 0.98664437012263118 0.18875502008032127 0.55178180140698896 0.72633357041251789 0.21634316287171831 0.41195984508764788 0.20061919504643963 0.35079589596351973 0.85193489453579152 0.33308282699072594 0.60066560347309916 0.65008250825082514
decision_type=2 2 2 2 2 2 2 2 2 2 2 2 2 2
left_child=3 -2 11 5 8 6 -1 -6 -5 -7 -8 12 13 -3
right_child=1 2 -4 4 7 9 10 -9 -10 -11 -12 -13 -14 -15
leaf_value=0.00022941385059878781 -0.0023609738486952015 -0.0018045178779569648 -0.001557935482744023 -0.001503592184079025 0.0029124065781021688 0.00052044541361358232 0.0013079012035812189 0.00024792903873066487 7.8269268613416699e-05 -0.0011835115874287694 -0.00058705804708342137 -0.00018102387021046081 0.0022787388107573889 0.00029506269377260687
leaf_weight=1046 105 149 214 160 127 255 1070 104 9794 266 104 8932 240 292
leaf_count=1046 105 149 214 160 127 255 1070 104 9794 266 104 8932 240 292
internal_value=0 -0.000184658 -0.000161404 0.000179322 9.04914e-05 0.0005094 0.000710976 0.00171281 5.28425e-05 -0.000349521 0.00114003 -0.000130315 0.000534776 -0.000414319
internal_weight=0 9932 9827 12926 10185 2741 2220 231 9954 521 1174 9613 681 441
internal_count=22858 9932 9827 12926 10185 2741 2220 231 9954 521 1174 9613 681 441
is_linear=0
shrinkage=0.03


Tree=64
num_leaves=15
num_cat=0
split_feature=3 5 1 0 1 0 4 5 4 3 3 4 3 1
split_gain=0.636414 0.460041 0.657335 0.461737 0.474595 0.453643 0.452797 0.58595 1.60804 0.580595 0.56901 0.544928 0.597393 0.537481
threshold=0.43378239438749283 0.33737428160919547 0.92663608562691147 0.90630225752508375 0.73037176843405238 0.029770550727492063 0.089678084545766992 0.37542693944162736 0.50673408307636503 0.63452795955395203 0.70155457108336694 0.04576314093712603 0.95088502506265671 0.26027397260273977
decision_type=2 2 2 2 2 2 2 2 2 2 2 2 2 2
left_child=5 2 3 4 -2 -1 11 8 -8 -10 -11 12 13 -3
right_child=1 6 -4 -5 -6 -7 7 -9 9 10 -12 -13 -14 -15
leaf_value=-0.0013276644066267181 6.9498328479553932e-05 0.0011022991231597807 0.0024088769686568413 -0.0017698862615213233 0.0016133009956028101 0.00021329595854946944 0.00041073012576266492 -0.00017157909119727122 -0.001117787831563091 -0.0046882810229435566 -0.0018425010089480947 0.0014051163855849683 0.001876640229099385 -0.0013746404139505773
leaf_weight=175 1130 109 128 103 213 9829 509 9307 430 100 172 337 103 285
leaf_count=175 1130 109 128 103 213 9829 509 9307 430 100 172 337 103 285
internal_value=0 -0.000132354 0.000348287 0.000165884 0.000314346 0.00018634 -0.000198997 -0.000252349 -0.000873101 -0.00180397 -0.00288874 0.000473856 -0.000157602 -0.000689396
internal_weight=0 12926 1574 1446 1343 10004 11352 10518 1211 702 272 834 497 394
internal_count=22930 12926 1574 1446 1343 10004 11352 10518 1211 702 272 834 497 394
is_linear=0
shrinkage=0.03


Tree=65
num_leaves=15
num_cat=0
split_feature=5 2 1 1 1 5 3 1 1 1 2 3 1 1
split_gain=0.419186 0.436061 0.522561 0.928506 0.35477 0.375136 0.450452 0.466393 0.37071 0.362938 0.329909 0.38034 0.618872 0.469698
threshold=0.99196464313847044 0.97955701051751765 0.36092355324264686 0.8126045150501674 0.27301958491669104 0.94211310428701744 0.98608691444057317 0.66787229875301968 0.48407384865084196 0.44881889763779537 0.045638067772170159 0.77571811434854332 0.32867132867132876 0.42902930402930411
decision_type=2 2 2 2 2 2 2 2 2 2 2 2 2 2
left_child=1 4 -3 -4 -1 9 7 8 -7 10 -6 13 -13 -12
right_child=-2 2 3 -5 5 6 -8 -9 -10 -11 11 12 -14 -15
leaf_value=0.00019186617242439194 -0.0013071938603288716 -0.0005857671063575076 0.0032666687919855018 -0.00041293647696345466 -0.0016846585801518178 -0.0013944596945308148 0.0009442078736734338 -0.0018522630196434247 0.0010980480855154195 3.6468399194529318e-05 4.8623567168058133e-06 -0.0027161276706857873 -0.00035287909209068659 -0.0011604321199169916
leaf_weight=6121 218 123 154 103 149 100 113 327 116 11655 2816 139 353 350
leaf_count=6121 218 123 154 103 149 100 113 327 116 11655 2816 139 353 350
internal_value=0 1.46465e-05 0.00102233 0.00179196 -2.57187e-06 -7.6412e-05 -0.000779065 -0.00113768 -5.58907e-05 -4.66008e-05 -0.000300914 -0.000244551 -0.00102054 -0.00012396
internal_weight=0 22619 380 257 22239 16118 656 543 216 15462 3807 3658 492 3166
internal_count=22837 22619 380 257 22239 16118 656 543 216 15462 3807 3658 492 3166
is_linear=0
shrinkage=0.03


Tree=66
num_leaves=15
num_cat=0
split_feature=3 5 0 4 0 3 0 5 5 4 3 0 5 4
split_gain=0.450364 0.508757 0.928195 0.814107 0.518792 0.716516 0.555557 0.38868 0.623299 4.15438 0.593585 0.382765 0.475339 0.371262
threshold=0.52827054472513024 0.34793849046467912 0.11721443965517243 0.5929567710346606 0.14940842076073393 0.59930910219082623 0.26418249510948449 0.33308282699072594 0.31994623655913984 0.39511342316220371 0.21634316287171831 0.34751566554845253 0.29910950259436259 0.90647783897193823
decision_type=2 2 2 2 2 2 2 2 2 2 2 2 2 2
left_child=7 2 -2 -4 5 -3 13 8 -1 -10 -11 -5 -13 -6
right_child=1 4 3 11 6 -7 -8 -9 9 10 -12 12 -14 -15
leaf_value=3.3038350188911883e-05 0.0029456160790404351 -0.0024459644606900643 -0.00049494881499593699 0.0027669676400255412 0.00033506915579364368 -0.00048461816974625262 -0.00021860531211686881 0.00022852328043463491 -0.0035865642958943142 -0.00055304492551367724 0.0022385228331170872 -0.00099166297222695599 0.00151259132239208 0.0021591800321383693
leaf_weight=3053 119 190 665 105 843 1424 6952 8342 294 100 218 103 202 114
leaf_count=3053 119 190 665 105 843 1424 6952 8342 294 100 218 103 202 114
internal_value=0 -0.000152155 0.000431592 0.000153296 -0.000225345 -0.000715508 -0.000125317 0.000115387 -0.000142126 -0.00101594 0.00136067 0.00120472 0.000666892 0.000552361
internal_weight=0 10717 1194 1075 9523 1614 7909 12007 3665 612 318 410 305 957
internal_count=22724 10717 1194 1075 9523 1614 7909 12007 3665 612 318 410 305 957
is_linear=0
shrinkage=0.03


Tree=67
num_leaves=15
num_cat=0
split_feature=5 4 5 4 0 4 5 5 3 5 2 2 3 4
split_gain=0.448944 0.524603 0.515649 0.713223 0.53985 0.521621 0.61792 1.00823 0.476847 0.471061 0.470261 0.649399 0.456067 0.819633
threshold=0.20899774138904575 0.26835686777920414 0.39104159126553267 0.91418526180976312 0.11323807779202542 0.92963893541782994 0.71085145580519848 0.41380867489181916 0.8110100928105638 0.78368093454084198 0.6827447721922173 0.94481639050604571 0.8496039358871218 0.022305140961857383
decision_type=2 2 2 2 2 2 2 2 2 2 2 2 2 2
left_child=1 -1 -2 4 8 -5 7 -7 -4 -8 -10 -12 13 -6
right_child=2 -3 3 5 12 6 9 -9 10 -11 11 -13 -14 -15
leaf_value=-0.0026174889356044566 0.00017584327104877632 0.00014288558221560679 -0.0011660225041129925 0.0017730016441923195 -0.0022767404581453383 0.0013027337419471757 0.0026676807533173512 -0.0015672338877718288 0.00095721598237238545 0.0004999297877041161 -0.0019186932939439909 0.0010906090387143195 -0.00048222016246719725 3.992309669388649e-05
leaf_weight=127 9850 121 884 249 140 170 108 313 239 548 182 100 2321 7538
leaf_count=127 9850 121 884 249 140 170 108 313 239 548 182 100 2321 7538
internal_value=0 -0.00127069 1.26914e-05 -0.000112938 -0.000191088 0.000529156 0.000257236 -0.0005571 -0.00074173 0.000856816 -2.1817e-05 -0.000851565 -0.000113715 -2.31875e-06
internal_weight=0 248 22642 12792 11404 1388 1139 483 1405 656 521 282 9999 7678
internal_count=22890 248 22642 12792 11404 1388 1139 483 1405 656 521 282 9999 7678
is_linear=0
shrinkage=0.03


Tree=68
num_leaves=15
num_cat=0
split_feature=2 5 0 2 5 0 5 2 3 2 3 4 3 0
split_gain=0.555817 0.423915 0.857334 0.74826 1.14491 1.31398 1.01543 1.12915 0.670844 0.602503 1.02807 0.683953 0.682625 0.550653
threshold=0.03770354096665806 0.41049110508065739 0.98668881506090822 0.52951424472227926 0.43723479490806227 0.24048397332279658 0.65083677984033861 0.093265585256994785 0.55967999499013688 0.85193489453579152 0.13241213625443496 0.27643663808651747 0.64607600303476598 0.64738944630248996
decision_type=2 2 2 2 2 2 2 2 2 2 2 2 2 2
left_child=-1 2 9 6 5 -5 8 -8 -3 -2 -11 -12 -13 -7
right_child=1 3 -4 4 -6 13 7 -9 -10 10 11 12 -14 -15
leaf_value=-0.0007500678349345091 0.00015465686983720254 -0.0005104232058214291 0.0028314642567420379 -0.0010523136363556709 -0.00015523591090589616 0.00067248116399074096 0.0019468118792411119 -0.00024249680933742765 -0.0016198102805469715 -0.0034695510309225375 -0.0016217854738017504 0.0010724028353379775 -0.0013137114229791152 0.00204861045328911
leaf_weight=927 11084 1358 104 262 4648 554 246 1535 768 104 235 350 156 496
leaf_count=927 11084 1358 104 262 4648 554 246 1535 768 104 235 350 156 496
internal_value=0 -8.79032e-08 0.000119433 -0.000145846 6.56749e-05 0.000848292 -0.000468514 5.99007e-05 -0.00091118 9.57889e-05 -0.000676392 -0.000284369 0.000336763 0.00132254
internal_weight=0 21900 12033 9867 5960 1312 3907 1781 2126 11929 845 741 506 1050
internal_count=22827 21900 12033 9867 5960 1312 3907 1781 2126 11929 845 741 506 1050
is_linear=0
shrinkage=0.03


Tree=69
num_leaves=15
num_cat=0
split_feature=2 5 4 0 5 4 0 5 5 5 5 5 5 5
split_gain=0.403869 0.374218 0.428207 0.344936 0.274534 0.204599 0.659483 0.466 0.442243 0.348075 1.03312 0.626102 0.722138 0.373102
threshold=0.98674031530211581 0.20899774138904575 0.32784171099772014 0.006420562288729492 0.21726190476190479 0.91418526180976312 0.22441594553156105 0.7261400155141845 0.31648305828651691 0.41380867489181916 0.39288076341647776 0.3425197842633198 0.37393166814974238 0.42961285299738133
decision_type=2 2 2 2 2 2 2 2 2 2 2 2 2 2
left_child=1 2 -1 -3 -5 -6 7 -7 -8 10 11 -10 -13 -11
right_child=-2 3 -4 4 5 6 8 -9 9 13 -12 12 -14 -15
leaf_value=-0.0022409590245671056 0.0010378837596607207 -0.0013211786359563836 0.00025731470200851146 0.0015170118117405634 -4.9404021603970081e-05 0.00049507456061442616 -0.0017515186196006833 0.0023975970542325854 0.0017179000952575834 -0.0015769556467571566 0.0028788710587882788 -0.0028722334276618704 0.00052143648691421957 4.3463151685951025e-05
leaf_weight=146 319 183 107 105 20034 302 125 188 109 155 145 105 122 731
leaf_count=146 319 183 107 105 20034 302 125 188 109 155 145 105 122 731
internal_value=0 -3.70845e-05 -0.00118438 -2.40704e-05 -1.33399e-05 -2.06385e-05 0.000270122 0.00122502 -4.34841e-05 0.000112701 0.000762408 -0.000150947 -0.00104832 -0.000240019
internal_weight=0 22557 253 22304 22121 22016 1982 490 1492 1367 481 336 227 886
internal_count=22876 22557 253 22304 22121 22016 1982 490 1492 1367 481 336 227 886
is_linear=0
shrinkage=0.03


Tree=70
num_leaves=15
num_cat=0
split_feature=5 5 4 5 4 0 5 5 5 3 2 5 2 3
split_gain=0.704943 0.526524 0.653575 0.640375 0.400096 0.33747 0.316388 0.269033 0.25095 0.418907 0.465625 1.14742 0.682989 0.658312
threshold=0.97169289044289053 0.20899774138904575 0.30033566496581404 0.21726190476190479 0.90647783897193823 0.006420562288729492 0.98208680940435222 0.99116563651120693 0.38301446945337631 0.88468057366362463 0.41519162489557232 0.25269282079154115 0.16134691567628753 0.71719241596290784
decision_type=2 2 2 2 2 2 2 2 2 2 2 2 2 2
left_child=1 2 -1 -3 6 -5 -2 -8 9 10 12 -12 -7 -14
right_child=4 3 -4 5 -6 8 7 -9 -10 -11 11 -13 13 -15
leaf_value=-0.0027065018952224761 -0.0022660864662041782 0.0023853927162739499 0.00026673599122746273 -0.0013513502891544461 0.000756391096750603 -0.00014048564408896839 0.00015568137577793095 -0.0014823124834093386 -4.9447476910797823e-05 0.0017462239564605513 -0.0024952537538238655 1.1278424961230155e-05 0.00052463602961915802 0.0025312365724508147
leaf_weight=141 194 104 126 159 102 1604 160 207 12769 147 171 4238 2593 156
leaf_count=141 194 104 126 159 102 1604 160 207 12769 147 171 4238 2593 156
internal_value=0 2.07823e-05 -0.0013034 3.68963e-05 -0.000971944 2.57114e-05 -0.00128619 -0.000768201 3.58116e-05 0.000158011 0.000131366 -8.59357e-05 0.000351462 0.000638506
internal_weight=0 22208 267 21941 663 21837 561 367 21678 8909 8762 4409 4353 2749
internal_count=22871 22208 267 21941 663 21837 561 367 21678 8909 8762 4409 4353 2749
is_linear=0
shrinkage=0.03


Tree=71
num_leaves=15
num_cat=0
split_feature=3 1 0 0 5 1 1 5 5 3 2 0 0 3
split_gain=0.568981 0.461659 0.399266 0.845156 1.1963 1.10154 0.454171 0.451484 0.638188 0.458695 0.404665 0.750761 0.44729 0.433775
threshold=0.4139208554988601 0.33766233766233766 0.89065012057877824 0.91027770678933473 0.91869588744588759 0.85472837941233581 0.93774702037677826 0.85850262576008862 0.7913812785388129 0.83795381349729181 0.89081502667884449 0.40695704779189357 0.82840710541642415 0.60297812592373645
decision_type=2 2 2 2 2 2 2 2 2 2 2 2 2 2
left_child=1 -1 10 -4 5 -5 -6 8 9 -7 -2 -12 13 -13
right_child=2 -3 3 4 6 7 -8 -9 -10 -11 11 12 -14 -15
leaf_value=0.00043375899538396071 -0.00027711840553311916 5.0450006694235018e-06 0.0017131140639896258 -0.001504387142534659 -0.0028393453081998112 0.00046872156488407014 -0.00048564914090093225 0.0021913088751158542 -0.0015003953105962474 0.0022953735852542403 -0.00047004132773060744 0.002598082051527771 -0.00066422131937814123 0.00073180392838282499
leaf_weight=3698 9595 5816 307 227 156 598 140 175 121 156 828 132 171 743
leaf_count=3698 9595 5816 307 227 156 598 140 175 121 156 828 132 171 743
internal_value=0 0.000171682 -0.000131938 0.000273301 -7.70479e-06 0.00039061 -0.00172611 0.00080029 0.000522087 0.00084665 -0.000198365 0.000204857 0.000739097 0.00101335
internal_weight=0 9514 13349 1880 1573 1277 296 1050 875 754 11469 1874 1046 875
internal_count=22863 9514 13349 1880 1573 1277 296 1050 875 754 11469 1874 1046 875
is_linear=0
shrinkage=0.03


Tree=72
num_leaves=15
num_cat=0
split_feature=0 5 4 1 2 5 5 4 1 2 5 5 5 2
split_gain=0.515856 0.702565 0.61422 0.508714 0.573095 0.614419 0.606391 0.587385 0.604845 0.606251 0.629358 0.871419 0.893843 0.591794
threshold=0.97951519051082647 0.41781396524777059 0.51038074712643688 0.67621587127945681 0.89482604817127576 0.84316862745098053 0.3546885497648527 0.68719659556582968 0.16909988633134418 0.64395112111830388 0.37437277486910997 0.33976263661202194 0.31930296170533867 0.86370672670982274
decision_type=2 2 2 2 2 2 2 2 2 2 2 2 2 2
left_child=3 -2 -3 4 5 7 -6 13 -9 10 11 12 -10 -1
right_child=1 2 -4 -5 6 -7 -8 8 9 -11 -12 -13 -14 -15
leaf_value=0.00020348886916531363 0.0022148634660921363 -0.0018143111052287913 0.0010311294551938772 -0.00026791757099431872 -0.0012508567720009333 -0.0006960991005687424 0.00078878520458859592 -0.0010239810725322946 -0.0011148607403738424 0.00071755185537286485 6.9627290747557706e-05 -0.0023565924170011431 0.0017876281571048108 -0.0012819467389847212
leaf_weight=9046 215 110 180 6918 145 1109 1377 790 310 650 1250 279 138 248
leaf_count=9046 215 110 180 6918 145 1109 1377 790 310 650 1250 279 138 248
internal_value=0 0.000915296 -4.81756e-05 -5.43447e-05 4.19594e-05 -1.88887e-05 0.00059447 4.0196e-05 -0.000296139 -7.72595e-05 -0.000338578 -0.00104044 -0.00022079 0.000163852
internal_weight=0 505 290 22260 15342 13820 1522 12711 3417 2627 1977 727 448 9294
internal_count=22765 505 290 22260 15342 13820 1522 12711 3417 2627 1977 727 448 9294
is_linear=0
shrinkage=0.03


Tree=73
num_leaves=15
num_cat=0
split_feature=0 4 4 0 3 2 0 4 2 0 0 1 4 4
split_gain=0.395924 0.909625 0.956764 0.572051 0.453577 0.565728 0.629339 0.569138 0.473596 0.349355 0.336452 0.328137 0.323095 0.628996
threshold=0.97951519051082647 0.60066560347309916 0.2127622025010085 0.94108003857280631 0.5637940882478939 0.97955701051751765 0.71475959951589851 0.43090768078733427 0.22061440234456775 0.92966787060301515 0.86370672670982274 0.065497165619733413 0.51424064894096444 0.87520491803278699
decision_type=2 2 2 2 2 2 2 2 2 2 2 2 2 2
left_child=3 2 -2 4 8 9 7 -7 -1 11 -10 -6 -5 -14
right_child=1 -3 -4 12 5 6 -8 -9 10 -11 -12 -13 13 -15
leaf_value=-0.00026189056156624747 0.0018672349690870547 0.002140878861697944 -0.0018374627883163241 -0.0013805703763360927 -0.0010248131683243339 0.0018733368299313281 0.0028720734515486077 -0.00081596773227348037 0.00023559912944978148 0.0012684099256897168 -0.00051785818895455876 -0.00021325627079139435 0.0006595104036044658 -0.0016882805228656665
leaf_weight=2618 102 239 163 437 475 114 108 187 9259 137 566 8005 272 165
leaf_count=2618 102 239 163 437 475 114 108 187 9259 137 566 8005 272 165
internal_value=0 0.000798852 -0.000411504 -5.14159e-05 -2.0788e-05 -0.000182691 0.000907478 0.000202573 9.66548e-05 -0.000234435 0.000192194 -0.000258715 -0.000803763 -0.000226955
internal_weight=0 504 265 22343 21469 9026 409 301 12443 8617 9825 8480 874 437
internal_count=22847 504 265 22343 21469 9026 409 301 12443 8617 9825 8480 874 437
is_linear=0
shrinkage=0.03


Tree=74
num_leaves=15
num_cat=0
split_feature=5 5 2 2 4 2 5 3 3 4 4 1 1 2
split_gain=0.335761 0.691089 0.592244 0.673547 0.571505 0.480677 0.457953 0.850523 0.82888 0.710836 0.71016 0.540273 0.500155 0.424097
threshold=0.97758234111643738 0.98342998034112006 0.90630225752508375 0.86370672670982274 0.10562218193650352 0.94108003857280631 0.35352218089449339 0.61464841964095229 0.76400946663588098 0.27643663808651747 0.85956040683557078 0.84321041849575662 0.60064308681672041 0.87541535574322471
decision_type=2 2 2 2 2 2 2 2 2 2 2 2 2 2
left_child=2 -2 3 -1 -5 -3 -4 9 12 -8 11 -10 -9 -6
right_child=1 5 6 4 13 -7 7 8 10 -11 -12 -13 -14 -15
leaf_value=6.8070194305892994e-05 -0.0028216629117351331 0.0013538504180244423 -0.00092608164103632291 -0.0027766347911863309 -0.0015519698388080166 -0.00086476324455451374 -1.8683523889674962e-05 4.7321299388699355e-05 0.0016383761622277204 0.0029094737012582339 -0.00087942048420806991 -0.0002670686675755437 -0.0023973644338184386 -5.0649731669495047e-05
leaf_weight=19614 109 132 161 111 238 263 106 183 605 252 179 172 128 587
leaf_count=19614 109 132 161 111 238 263 106 183 605 252 179 172 128 587
internal_value=0 -0.000706916 7.60921e-05 3.0551e-05 -0.00075567 -0.000123353 0.000600095 0.000751304 0.000386474 0.00204248 0.000824127 0.00121658 -0.000958852 -0.000483758
internal_weight=0 504 22336 20550 936 395 1786 1625 1267 358 956 777 311 825
internal_count=22840 504 22336 20550 936 395 1786 1625 1267 358 956 777 311 825
is_linear=0
shrinkage=0.03


Tree=75
num_leaves=15
num_cat=0
split_feature=5 4 5 3 1 5 5 4 3 4 5 1 5 5
split_gain=0.451641 0.585096 0.343373 0.251342 0.513579 0.71236 0.98301 1.50443 0.697122 0.509964 0.728532 0.481846 0.330628 0.344302
threshold=0.20899774138904575 0.3118891471140684 0.21726190476190479 0.37830836017364522 0.77811965811965822 0.33308282699072594 0.31930296170533867 0.23642506142506145 0.2361460078168621 0.15726664639708121 0.42569978811196613 0.10963455149501662 0.66440855030536816 0.39288076341647776
decision_type=2 2 2 2 2 2 2 2 2 2 2 2 2 2
left_child=1 -1 -2 4 5 6 11 -8 -9 -6 -11 -4 13 -7
right_child=2 -3 3 -5 9 12 7 8 -10 10 -12 -13 -14 -15
leaf_value=-0.0025219859084166536 0.0017110129473643881 0.00041123604613016836 -0.0010759013919449702 -7.0238643204039198e-05 -0.0015071000082151637 0.0006462503704701163 -0.0038466625736327843 -0.0014165753380191571 0.0015958931957347653 0.00022821718499015111 -0.0020714336309659606 0.00031769687466463994 0.0020342432370862775 0.00013916646598435505
leaf_weight=143 107 107 263 14053 294 2478 156 169 117 892 144 1479 114 2346
leaf_count=143 107 107 263 14053 294 2478 156 169 117 892 144 1479 114 2346
internal_value=0 -0.00126657 1.55739e-05 7.51297e-06 0.000136789 0.000237847 -0.000213301 -0.00147684 -0.000184202 -0.000404364 -9.14254e-05 0.000107297 0.000437383 0.000399646
internal_weight=0 250 22612 22505 8452 7122 2184 442 286 1330 1036 1742 4938 4824
internal_count=22862 250 22612 22505 8452 7122 2184 442 286 1330 1036 1742 4938 4824
is_linear=0
shrinkage=0.03


Tree=76
num_leaves=15
num_cat=0
split_feature=0 2 2 3 1 2 2 0 5 5 3 5 2 5
split_gain=0.391652 0.664762 0.640119 0.315722 0.221375 0.742685 0.613167 0.700323 1.30982 1.48518 0.684184 0.659748 0.598152 0.586189
threshold=0.017574746725969859 0.20471119801300008 0.80513763197586741 0.62646055921800425 0.65602716468590849 0.88316954106047485 0.42249755215786705 0.894652766100555 0.34793849046467912 0.42802402651201327 0.46531215621562166 0.79636334270986164 0.64770705273374329 0.35352218089449339
decision_type=2 2 2 2 2 2 2 2 2 2 2 2 2 2
left_child=1 -1 3 -3 5 -2 -6 10 -9 -10 -8 -12 -13 -7
right_child=4 2 -4 -5 6 13 7 8 9 -11 11 12 -14 -15
leaf_value=-0.002758682006068768 -4.1557907395790779e-06 -0.00043712108255013682 -0.0021054384399662317 0.0018115326568307675 0.00017576769775406182 -0.0010163942708154236 -4.1659239781877725e-05 -0.0020088340245036861 0.0020981698970747543 -0.00021178559613848906 -0.001517069399219638 0.0015323844793762307 -0.00071233838814778461 0.00085788891380749995
leaf_weight=124 13333 109 106 116 3299 167 1093 202 392 694 980 127 673 1491
leaf_count=124 13333 109 106 116 3299 167 1093 202 392 694 980 127 673 1491
internal_value=0 -0.00088519 -0.000183338 0.000722185 3.85237e-06 7.03065e-05 -0.000129688 -0.000371866 0.000209409 0.00062201 -0.000632458 -0.000995235 -0.000355989 0.000669104
internal_weight=0 455 331 225 22451 14991 7460 4161 1288 1086 2873 1780 800 1658
internal_count=22906 455 331 225 22451 14991 7460 4161 1288 1086 2873 1780 800 1658
is_linear=0
shrinkage=0.03


Tree=77
num_leaves=15
num_cat=0
split_feature=5 3 0 5 5 0 4 4 3 4 5 4 1 4
split_gain=0.364561 0.411134 0.562707 0.96669 0.635421 0.59586 0.457517 0.401408 0.81629 0.671334 0.380169 0.37685 0.373434 1.03307
threshold=0.20899774138904575 0.27554867561059521 0.87905861269238883 0.77665486835568809 0.2878922028787621 0.91027770678933473 0.89482604817127576 0.51424064894096444 0.73265607810781086 0.34775410308090993 0.24233940972222226 0.30033566496581404 0.87371918167511819 0.48281766650921121
decision_type=2 2 2 2 2 2 2 2 2 2 2 2 2 2
left_child=11 10 -3 4 -4 -6 12 9 -9 -7 -2 -1 -5 -14
right_child=1 2 3 6 5 7 -8 8 -10 -11 -12 -13 13 -15
leaf_value=-0.0022087364231803169 0.0014286719124496289 -0.00015752257414084129 -0.0012928552211960778 0.00077335163802118561 0.0020546970214230412 0.00072862074542273246 -0.0017801632662491512 0.00038895810630230101 0.0028474304528307106 -0.0017332196046724372 0.0001559910263391 0.00013347895990591495 -0.0022685668884693641 0.00079432529096945992
leaf_weight=138 219 14101 120 266 349 324 186 388 177 144 5963 112 191 206
leaf_count=138 219 14101 120 266 349 324 186 388 177 144 5963 112 191 206
internal_value=0 -7.50593e-06 -8.58827e-05 0.000343804 0.000801163 0.000982988 -0.000465329 0.00062091 0.00115913 -2.88686e-05 0.000201076 -0.00115942 -9.64611e-05 -0.000679258
internal_weight=0 22634 16452 2351 1502 1382 849 1033 565 468 6182 250 663 397
internal_count=22884 22634 16452 2351 1502 1382 849 1033 565 468 6182 250 663 397
is_linear=0
shrinkage=0.03


Tree=78
num_leaves=15
num_cat=0
split_feature=1 5 3 4 4 5 3 3 0 4 0 4 1 0
split_gain=0.391736 0.415008 0.683685 0.469515 0.402393 0.9597 0.878242 0.436031 0.58422 0.410764 0.436867 0.393538 0.376986 0.467055
threshold=0.27301958491669104 0.96749356047301271 0.9197592688641284 0.82879797605825012 0.69100106127722416 0.65083677984033861 0.79147482088658572 0.37830836017364522 0.52922577422577433 0.60461316309469526 0.62414950242999312 0.82879797605825012 0.17347222222222228 0.45846664962944039
decision_type=2 2 2 2 2 2 2 2 2 2 2 2 2 2
left_child=4 -2 -3 -4 9 7 11 8 -6 10 -1 -7 13 -11
right_child=1 2 3 -5 5 6 -8 -9 -10 12 -12 -13 -14 -15
leaf_value=0.00022493892512347538 4.8697890949958812e-06 -0.0030283190425032143 -0.00084163025961685417 0.0014066335998682512 -0.00076995946186980896 0.0034214787040158018 -0.00034433878947268516 -0.0011526971883154536 0.0013932845737629881 0.0034004047891467741 0.0016838893117431129 0.001100176482880488 4.4752328967054689e-05 0.0010403310254221527
leaf_weight=3861 15982 103 370 108 299 117 255 643 180 106 194 150 180 262
leaf_count=3861 15982 103 370 108 299 117 255 643 180 106 194 150 180 262
internal_value=0 -2.37623e-05 -0.000811366 -0.000333654 0.000255027 -0.000147858 0.000914814 -0.000642256 4.29506e-05 0.00039892 0.000294738 0.00211738 0.00116983 0.00172013
internal_weight=0 16563 581 478 6247 1644 522 1122 479 4603 4055 267 548 368
internal_count=22810 16563 581 478 6247 1644 522 1122 479 4603 4055 267 548 368
is_linear=0
shrinkage=0.03


Tree=79
num_leaves=15
num_cat=0
split_feature=5 4 4 1 5 5 5 2 1 3 1 5 5 4
split_gain=0.5869 0.431527 0.41366 0.638743 0.68682 1.79433 1.3372 0.500838 0.498298 0.453748 0.420244 0.394125 0.738538 0.398709
threshold=0.20899774138904575 0.2127622025010085 0.12560476802617743 0.88176930596285452 0.30031454317055567 0.33976263661202194 0.35520918785890082 0.92579385080645171 0.91885032240362197 0.25219315121200464 0.27745313291673712 0.37542693944162736 0.36536148839841548 0.022305140961857383
decision_type=2 2 2 2 2 2 2 2 2 2 2 2 2 2
left_child=1 -1 3 4 10 9 -7 11 -5 -6 -2 12 -8 -13
right_child=2 -3 -4 8 5 6 7 -9 -10 -11 -12 13 -14 -15
leaf_value=-0.0028656075552208433 0.0033547252564526653 -0.00035214379920247706 -3.4883350965862592e-05 -0.0026468565931324572 -0.0028777439600375112 0.0035312688217819565 -0.00029730118315931023 0.0021192842245705383 -8.7004039132107909e-05 -0.00065141744525661982 0.0010825627480741016 -0.0010805187882067808 0.0027972416886283707 0.00031116180554731512
leaf_weight=109 102 141 19702 102 159 137 134 147 208 171 260 227 144 1008
leaf_count=109 102 141 19702 102 159 137 134 147 208 171 260 227 144 1008
internal_value=0 -0.00144801 1.35995e-05 0.000354868 0.000514806 0.000309216 0.000682613 0.000447514 -0.000929278 -0.0017241 0.00172279 0.000285088 0.00130563 5.5363e-05
internal_weight=0 250 22501 2799 2489 2127 1797 1660 310 330 362 1513 278 1235
internal_count=22751 250 22501 2799 2489 2127 1797 1660 310 330 362 1513 278 1235
is_linear=0
shrinkage=0.03


Tree=80
num_leaves=15
num_cat=0
split_feature=1 0 4 4 4 5 2 2 4 5 4 4 2 5
split_gain=0.32676 0.592881 0.548622 0.512735 0.484748 0.428987 0.402095 0.582041 0.572649 0.542131 0.429886 0.507261 0.509609 0.690101
threshold=0.88176930596285452 0.97951519051082647 0.37152240282077748 0.99018000642880122 0.05411036036036037 0.42802402651201327 0.89844951923076932 0.86370672670982274 0.94867404285212509 0.35352218089449339 0.12560476802617743 0.077973876535531048 0.75418078906451014 0.33737428160919547
decision_type=2 2 2 2 2 2 2 2 2 2 2 2 2 2
left_child=3 4 -3 6 -2 -4 7 10 9 -8 11 12 13 -1
right_child=1 2 5 -5 -6 -7 8 -9 -10 -11 -12 -13 -14 -15
leaf_value=-0.00069708562713092213 -0.002353217152334055 -0.00074512203689664598 0.0026309761139664718 -0.0014785948141752192 -0.00037852742892817692 0.00045668300375285923 -0.0013408957469800953 -0.00083568602053949457 0.0026738250826697941 0.00052958360747499633 1.8213957711328214e-05 0.0010399493551064975 -0.0012827623354505612 0.00084780497058167998
leaf_weight=385 118 168 139 190 2158 198 152 654 103 1690 15010 852 202 803
leaf_count=385 118 168 139 190 2158 198 152 654 103 1690 15010 852 202 803
internal_value=0 -0.000274575 0.000655343 7.24431e-05 -0.000480906 0.0013535 8.72886e-05 4.27891e-05 0.000496958 0.000375234 7.60909e-05 0.000463572 0.000110282 0.000347146
internal_weight=0 2781 505 20041 2276 337 19851 17906 1945 1842 17252 2242 1390 1188
internal_count=22822 2781 505 20041 2276 337 19851 17906 1945 1842 17252 2242 1390 1188
is_linear=0
shrinkage=0.03


Tree=81
num_leaves=15
num_cat=0
split_feature=0 4 5 4 1 4 5 2 0 5 2 5 5 5
split_gain=0.553628 0.855154 0.803089 0.393165 0.896635 0.622087 0.471579 0.467427 0.559185 1.39842 0.449385 0.394344 1.48453 2.72859
threshold=0.97951519051082647 0.64006920415224922 0.41989022168594886 0.12560476802617743 0.8776822626156574 0.16908415668138185 0.2737593568905024 0.75811722538477766 0.66328248471105622 0.40905139469891894 0.51381354777156896 0.30031454317055567 0.33737428160919547 0.3546885497648527
decision_type=2 2 2 2 2 2 2 2 2 2 2 2 2 2
left_child=3 2 -2 4 7 6 -5 11 -9 -10 -6 -1 -13 -14
right_child=1 -3 -4 5 10 -7 -8 8 9 -11 -12 12 13 -15
leaf_value=0.001650304209142194 0.0016196745402143838 0.0023700570978428914 -0.0015871781998259178 -0.0027545713644940403 -0.00019932929301818073 -3.1467808099626659e-05 -0.0005827420749740912 -0.00088406523492929549 -0.0016375661444260122 0.0031262096701326165 -0.0026711462665679714 -0.0014247554182387004 0.0052165894913840201 0.00050714946619734649
leaf_weight=332 130 223 153 100 142 18542 898 412 101 123 124 291 122 1198
leaf_count=332 130 223 153 100 142 18542 898 412 101 123 124 291 122 1198
internal_value=0 0.000980716 -0.000114066 -2.27644e-05 0.000306733 -7.07388e-05 -0.00080036 0.000477775 -0.000228153 0.000978257 -0.0013516 0.000708845 0.000514826 0.000942416
internal_weight=0 506 283 22385 2845 19540 998 2579 636 224 266 1943 1611 1320
internal_count=22891 506 283 22385 2845 19540 998 2579 636 224 266 1943 1611 1320
is_linear=0
shrinkage=0.03


Tree=82
num_leaves=15
num_cat=0
split_feature=2 5 5 5 4 0 5 2 5 2 1 0 4 4
split_gain=0.376547 0.418654 0.898509 0.418906 0.991223 0.419428 0.385599 0.356313 0.434632 0.395939 0.568293 0.486148 0.347782 0.536108
threshold=0.81707882157838274 0.28223572639909561 0.31930296170533867 0.35352218089449339 0.45469208211143702 0.17706625683060112 0.97445962637023331 0.89482604817127576 0.77120891114535195 0.94867404285212509 0.86234020153406532 0.8597311034595837 0.77390785344346258 0.89081502667884449
decision_type=2 2 2 2 2 2 2 2 2 2 2 2 2 2
left_child=6 -2 -3 4 -4 12 -1 8 -7 -9 11 -11 -5 -14
right_child=1 2 3 5 -6 7 -8 9 -10 10 -12 -13 13 -15
leaf_value=4.4606326901308289e-05 -0.0018482731695670784 0.0022597061450717838 -0.0037362113937569577 -0.00040512014805951129 0.00046680634471653819 -1.4233230384158306e-06 -0.0016141156299685046 0.00063730013308626536 -0.0011357204603219331 -0.00024287589407327682 -0.0020104256110664992 0.0018850204504540075 -0.0034921175644428717 -0.00060681469335309771
leaf_weight=18491 148 127 101 430 101 732 127 889 520 667 140 113 101 136
leaf_count=18491 148 127 101 430 101 732 127 889 520 667 140 113 101 136
internal_value=0 -0.000281025 -0.000223852 -0.000304109 -0.0016347 -0.000232012 3.32916e-05 -8.34718e-05 -0.000472537 0.000185798 -0.00025049 6.53963e-05 -0.000913692 -0.00183642
internal_weight=0 4205 4057 3930 202 3728 18618 3061 1252 1809 920 780 667 237
internal_count=22823 4205 4057 3930 202 3728 18618 3061 1252 1809 920 780 667 237
is_linear=0
shrinkage=0.03


Tree=83
num_leaves=15
num_cat=0
split_feature=0 4 4 2 3 1 3 3 0 0 4 4 2 0
split_gain=0.592599 0.799555 0.491799 0.516594 0.813016 0.550196 0.522066 0.45214 0.689173 0.426919 0.594521 0.580976 0.607448 0.465798
threshold=0.97951519051082647 0.58907500339075014 0.79361438765108494 0.15735153171701396 0.44922475961538466 0.84321041849575662 0.54003484320557504 0.95471040694234455 0.22441594553156105 0.30015479876160994 0.98316479230908771 0.91418526180976312 0.81707882157838274 0.13741861818341516
decision_type=2 2 2 2 2 2 2 2 2 2 2 2 2 2
left_child=2 -2 3 4 5 -1 -6 -5 -9 10 11 12 -4 -13
right_child=1 -3 9 7 6 -7 -8 8 -10 -11 -12 13 -14 -15
leaf_value=-0.00072876602013871702 -0.00011269815655036287 0.0022635949146933851 0.00018825097240606379 0.00013673912770230273 0.0013811802248638748 -0.0027648727443191582 -0.00014979206597155956 0.001048452080332584 -0.001257743789331697 -0.00051918590737789333 -0.0019986060515451254 0.00019289517177058243 -0.0017635054576843564 0.0019535590320804001
leaf_weight=932 273 239 693 14510 238 137 1271 155 471 3037 113 283 181 259
leaf_count=932 273 239 693 14510 238 137 1271 155 471 3037 113 283 181 259
internal_value=0 0.000996548 -3.57383e-05 3.58211e-05 -0.000356735 -0.000989708 9.16734e-05 0.000102682 -0.000686721 -0.000313356 9.54755e-05 0.000262588 -0.000215946 0.00103425
internal_weight=0 512 22280 17714 2578 1069 1509 15136 626 4566 1529 1416 874 542
internal_count=22792 512 22280 17714 2578 1069 1509 15136 626 4566 1529 1416 874 542
is_linear=0
shrinkage=0.03


Tree=84
num_leaves=15
num_cat=0
split_feature=1 4 0 2 4 1 3 3 2 1 3 1 0 0
split_gain=0.325724 0.522417 0.420889 0.394864 0.480763 0.360494 0.32947 0.362696 0.396493 0.329157 0.329119 0.313335 0.435299 0.517706
threshold=0.26476400837014652 0.69510195921631357 0.53718949532056337 0.0099585130824283909 0.47495819397993316 0.029605583509170644 0.77195839762272145 0.45331026528258367 0.40695704779189357 0.25652503941298982 0.39020391843262697 0.30092791476931013 0.6319573523337465 0.63971826104179053
decision_type=2 2 2 2 2 2 2 2 2 2 2 2 2 2
left_child=1 9 5 4 -2 -3 7 -7 -9 -1 -4 12 -5 -14
right_child=3 2 10 11 -6 6 -8 8 -10 -11 -12 -13 13 -15
leaf_value=0.00031854418397035238 -0.0028603081712499259 0.0006002384542986484 0.0014660984166929947 -0.0012849311939344432 -4.9118600970457405e-05 -0.0012433814740650067 -0.0021027552726197271 -0.0010544469735897859 0.0011059661188344216 0.0018622995447367429 -9.2785559358368164e-05 -1.4767061921132155e-05 0.0013770872164526058 -0.00080569758870396293
leaf_weight=4306 100 175 174 424 121 366 164 137 173 128 407 15764 166 238
leaf_count=4306 100 175 174 424 121 366 164 137 173 128 407 15764 166 238
internal_value=0 0.00019558 -0.000269848 -6.14246e-05 -0.00132115 -0.000638438 -0.000896496 -0.000603853 0.000151203 0.000363109 0.000374075 -4.46455e-05 -0.000613491 9.11892e-05
internal_weight=0 6030 1596 16813 221 1015 840 676 310 4434 581 16592 828 404
internal_count=22843 6030 1596 16813 221 1015 840 676 310 4434 581 16592 828 404
is_linear=0
shrinkage=0.03


Tree=85
num_leaves=15
num_cat=0
split_feature=5 2 4 0 4 0 2 0 4 4 4 4 0 0
split_gain=0.366072 0.512449 0.406777 0.707421 0.588298 0.651137 0.457393 0.391772 0.399213 0.451127 0.412777 0.372386 0.444802 0.545525
threshold=0.9506670131670133 0.22458016699502772 0.78583373148590552 0.98319322983752522 0.86355879615265285 0.90239796337357325 0.11302858844550329 0.90630225752508375 0.17712434383202103 0.43090768078733427 0.84017111999438965 0.75039432176656162 0.029770550727492063 0.037487908598127437
decision_type=2 2 2 2 2 2 2 2 2 2 2 2 2 2
left_child=2 -2 11 4 5 6 -4 8 -3 -10 -11 12 -1 -14
right_child=1 7 3 -5 -6 -7 -8 -9 9 10 -12 -13 13 -15
leaf_value=-0.0008154799796514648 0.0015111061060535057 -0.0021968561724177564 0.00057964488019771325 0.0022612308936991862 3.1544194991679319e-05 0.0014222601315619923 -0.0010334898648267094 -0.0019857784602259174 0.0012316179234021546 -0.0010819014871886958 0.0007132240621986226 0.00078866338306529953 0.002305542302716416 0.00012567783322718005
leaf_weight=451 105 100 179 105 2856 123 1361 174 160 406 161 770 104 15877
leaf_count=451 105 100 179 105 2856 123 1361 174 160 406 161 770 104 15877
internal_value=0 -0.000482739 7.67107e-05 -0.000173089 -0.000229651 -0.000678223 -0.000845989 -0.000691883 -0.000419649 -0.000175191 -0.000572174 0.000143858 0.000113643 0.000139864
internal_weight=0 1106 21826 4624 4519 1663 1540 1001 827 727 567 17202 16432 15981
internal_count=22932 1106 21826 4624 4519 1663 1540 1001 827 727 567 17202 16432 15981
is_linear=0
shrinkage=0.03


Tree=86
num_leaves=15
num_cat=0
split_feature=3 3 3 1 5 5 4 5 4 5 4 1 1 1
split_gain=0.251635 0.574479 0.461609 0.744044 0.417748 1.33838 1.61225 0.47121 1.1298 0.687347 0.98216 0.486663 0.467445 0.466779
threshold=0.27964508609669908 0.26007580280164938 0.29928292382029409 0.28109227083478711 0.33419424682957011 0.31994623655913984 0.47495819397993316 0.37542693944162736 0.53003759398496253 0.37849697576660041 0.38320851188807464 0.53213691721658896 0.60536616824392231 0.82392151652050682
decision_type=2 2 2 2 2 2 2 2 2 2 2 2 2 2
left_child=1 4 3 -2 5 13 -7 8 12 10 -9 -10 -6 -1
right_child=2 -3 -4 -5 7 6 -8 9 11 -11 -12 -13 -14 -15
leaf_value=-0.00012709532498125117 0.00072359215697360925 0.0011477111988684114 -7.2360033414160617e-05 -0.0018970231628600534 0.0016802479182193304 -0.0032159036011248387 0.000821925687339546 -0.0035067362831263191 -0.0015786107683820835 0.00014422718078716925 0.00051845805972669881 0.00054938867734203678 0.0001183878939402097 0.001317634654262347
leaf_weight=1478 144 457 15947 302 672 265 134 116 221 2332 103 172 232 233
leaf_count=1478 144 457 15947 302 672 265 134 116 221 2332 103 172 232 233
internal_value=0 0.000122644 -9.89831e-05 -0.00105091 4.40177e-05 -0.00029522 -0.00185984 0.000230034 0.000695616 -6.68069e-06 -0.00161361 -0.000647273 0.00127942 6.96446e-05
internal_weight=0 6415 16393 446 5958 2110 399 3848 1297 2551 219 393 904 1711
internal_count=22808 6415 16393 446 5958 2110 399 3848 1297 2551 219 393 904 1711
is_linear=0
shrinkage=0.03


Tree=87
num_leaves=15
num_cat=0
split_feature=3 1 2 2 1 1 1 1 5 3 4 3 3 1
split_gain=0.319816 0.687373 0.632519 0.457253 0.337715 0.334419 0.330394 0.41379 0.366303 0.35116 0.620294 0.430937 0.467301 0.459159
threshold=0.69357554034973401 0.40909090909090917 0.12108499159192827 0.053841856532439496 0.38897820650232229 0.44463024897807507 0.054183576547793773 0.13368983957219258 0.9015968742036865 0.77956130406403534 0.79740663682407598 0.8496039358871218 0.81854060281479646 0.18875502008032127
decision_type=2 2 2 2 2 2 2 2 2 2 2 2 2 2
left_child=-1 2 3 -2 6 -3 -4 8 -8 -9 11 12 -11 -13
right_child=1 5 4 -5 -6 -7 7 9 -10 10 -12 13 -14 -15
leaf_value=5.9260736116981611e-05 -0.00028997550800414433 0.0012006551224588362 -0.0016810349892684309 0.0021200403575785459 -0.0023516011685803845 -2.9716671642162044e-05 -0.00025711774673610861 -4.5702772129229027e-05 0.0017867088892044277 -0.00064383659739681372 -0.0027128181611994207 0.0015856469658148639 -0.0033249700372572984 -0.00070173167682951304
leaf_weight=15930 173 208 265 120 118 4505 286 380 109 141 179 102 100 350
leaf_count=15930 173 208 265 120 118 4505 286 380 109 141 179 102 100 350
internal_value=0 -0.000183592 -0.000605948 0.000697062 -0.000794018 2.45836e-05 -0.000697891 -0.000539705 0.000306875 -0.000806797 -0.00113847 -0.000731815 -0.00175634 -0.000185553
internal_weight=0 7036 2323 293 2030 4713 1912 1647 395 1252 872 693 241 452
internal_count=22966 7036 2323 293 2030 4713 1912 1647 395 1252 872 693 241 452
is_linear=0
shrinkage=0.03


Tree=88
num_leaves=15
num_cat=0
split_feature=0 0 0 5 5 2 5 5 4 5 4 5 0 4
split_gain=0.280712 0.246211 0.261581 0.241304 0.534673 0.463841 0.929136 0.843786 0.55374 0.472417 1.0099 0.799604 0.586739 0.42663
threshold=0.006420562288729492 0.013722167302170128 0.022091358667360752 0.30031454317055567 0.30229649654569785 0.58874736207416356 0.28223572639909561 0.21726190476190479 0.22075750336619904 0.22668495297805644 0.28435869760748339 0.29042982155113256 0.13741861818341516 0.30033566496581404
decision_type=2 2 2 2 2 2 2 2 2 2 2 2 2 2
left_child=-1 -2 -3 5 -5 9 7 -7 -9 13 -11 12 -12 -4
right_child=1 2 3 4 -6 6 -8 8 -10 10 11 -13 -14 -15
leaf_value=-0.0012343358609784823 0.0010546305366543767 -0.0011799756039201363 -0.0018878754493065054 -0.0018892531412139789 -6.0751695440042225e-05 0.0011651007924994797 0.0011707543266853196 -0.0032903764146277946 -0.00094782975479429008 0.0017451975027862419 0.0026475618487207348 -0.0015695108263753354 0.00024993341556642413 0.00035217486370010706
leaf_weight=178 184 182 131 145 19437 114 233 139 262 540 105 198 734 184
leaf_count=178 184 182 131 145 19437 114 233 139 262 540 105 198 734 184
internal_value=0 -3.8294e-05 -4.727e-05 -3.79931e-05 -7.42913e-05 0.000231246 -0.000401185 -0.00111237 -0.00175983 0.000481278 0.000693144 0.000145306 0.000549994 -0.000579402
internal_weight=0 22588 22404 22222 19582 2640 748 515 401 1892 1577 1037 839 315
internal_count=22766 22588 22404 22222 19582 2640 748 515 401 1892 1577 1037 839 315
is_linear=0
shrinkage=0.03


Tree=89
num_leaves=15
num_cat=0
split_feature=1 5 0 5 1 5 1 5 2 1 2 5 4 1
split_gain=0.286809 0.453532 0.688124 0.681236 0.426138 0.373516 0.352699 0.732853 0.455541 0.397539 0.350198 0.372835 0.337298 0.4471
threshold=0.26476400837014652 0.37393166814974238 0.39095627555835172 0.366834786872614 0.022293219737309192 0.20899774138904575 0.40909090909090917 0.84399858906525582 0.97955701051751765 0.68438714235252573 0.045638067772170159 0.4059501654259719 0.69100106127722416 0.18875502008032127
decision_type=2 2 2 2 2 2 2 2 2 2 2 2 2 2
left_child=1 3 -3 12 -4 -2 7 10 -8 -10 -7 -12 -1 -14
right_child=5 2 4 -5 -6 6 8 -9 9 -11 11 -13 13 -15
leaf_value=0.00053320181533250308 -0.0015073377729399118 0.0012552353271859003 0.00086546419645255467 0.0024354278648272155 -0.00028724554459713648 -0.0019082191625448802 -4.003967595418641e-05 -0.0016085359012801199 0.0026459761402452165 0.00036699390465890663 0.00015312979969945697 -0.00055262456215582616 0.00018870945707449746 -0.0019917106156189662
leaf_weight=1684 167 329 318 150 3126 104 13009 375 103 208 1649 1139 306 117
leaf_count=1684 167 329 318 150 3126 104 13009 375 103 208 1649 1139 306 117
internal_value=0 0.000145639 -5.55896e-05 0.00048203 -0.000180811 -9.56378e-05 -8.14246e-05 -0.000360754 -1.29134e-05 0.00112177 -0.000198957 -0.000135197 0.000342965 -0.000414385
internal_weight=0 6030 3773 2257 3444 16754 16587 3267 13320 311 2892 2788 2107 423
internal_count=22784 6030 3773 2257 3444 16754 16587 3267 13320 311 2892 2788 2107 423
is_linear=0
shrinkage=0.03


Tree=90
num_leaves=15
num_cat=0
split_feature=1 1 4 4 2 1 0 4 2 4 1 2 0 0
split_gain=0.361101 0.570065 0.508385 0.781827 0.555368 0.523627 0.469425 0.392972 0.535376 0.398415 0.387087 0.501637 0.340929 0.562284
threshold=0.18530782438067209 0.16909988633134418 0.70274454020584065 0.57335608646188863 0.85193489453579152 0.065497165619733413 0.49438170723153546 0.7621155638397018 0.58493649031939832 0.88701474536931701 0.21739130434782614 0.47067873303167423 0.97951519051082647 0.94108003857280631
decision_type=2 2 2 2 2 2 2 2 2 2 2 2 2 2
left_child=1 2 3 4 -1 -6 -4 -8 9 -9 11 -2 13 -12
right_child=10 -3 6 -5 5 -7 7 8 -10 -11 12 -13 -14 -15
leaf_value=0.00027072620026514707 8.2976625366299814e-05 0.0013867788112284787 -0.0012050971697076577 0.0014031762630824876 -0.0025486100226813969 -5.0095502850996168e-05 -0.0015058456075391457 0.00083322887808585965 0.002012485708466408 -0.0016260251236455772 -3.2699153354068742e-05 -0.0014939497433716291 0.00071713980258667951 -0.00082428767775718527
leaf_weight=2129 342 352 435 497 129 182 102 130 147 109 16564 387 508 849
leaf_count=2129 342 352 435 497 129 182 102 130 147 109 16564 387 508 849
internal_value=0 0.000231035 0.00012564 0.000318647 9.7741e-05 -0.00108646 -0.00048851 0.00015025 0.000587872 -0.000288356 -7.65106e-05 -0.000754157 -4.89449e-05 -7.12944e-05
internal_weight=0 4212 3860 2937 2440 311 923 488 386 239 18650 729 17921 17413
internal_count=22862 4212 3860 2937 2440 311 923 488 386 239 18650 729 17921 17413
is_linear=0
shrinkage=0.03


Tree=91
num_leaves=15
num_cat=0
split_feature=5 4 4 4 1 0 4 1 4 3 3 4 3 0
split_gain=0.44413 0.413965 0.394481 0.742968 0.48216 0.288472 0.627838 0.519908 0.425998 0.407976 0.565161 0.417527 0.499409 0.406254
threshold=0.96749356047301271 0.28849306431273652 0.59666574048346777 0.75825995196856133 0.77365376669880193 0.97951519051082647 0.60066560347309916 0.88176930596285452 0.99018000642880122 0.94709483943521189 0.89233440170940181 0.069965034965034992 0.80704574942178608 0.93344407530454054
decision_type=2 2 2 2 2 2 2 2 2 2 2 2 2 2
left_child=5 -2 -3 -4 -5 7 -7 8 13 10 11 -9 -13 -1
right_child=1 2 3 4 -6 6 -8 9 -10 -11 -12 12 -14 -15
leaf_value=8.3109954641190988e-05 -0.0020194491189151646 0.00069473919932546856 -0.0030741083164907341 0.0012681136854992407 -0.0015141593576273294 -0.00027306335058577638 0.0019452798121942763 -0.0021788975765066935 -0.0013917187417158857 0.0011668018610590564 -0.0021091805939605643 -0.00046707597908794761 0.00097331782912078778 0.0016716302554513813
leaf_weight=19149 167 213 103 123 103 239 221 107 175 137 184 1409 256 146
leaf_count=19149 167 213 103 123 103 239 221 107 175 137 184 1409 256 146
internal_value=0 -0.000713515 -0.000311133 -0.000962351 8.65906e-08 4.93259e-05 0.000792706 3.34675e-05 8.17658e-05 -0.000415824 -0.000526673 -0.000362349 -0.00024561 9.51299e-05
internal_weight=0 709 542 329 226 22023 460 21563 19470 2093 1956 1772 1665 19295
internal_count=22732 709 542 329 226 22023 460 21563 19470 2093 1956 1772 1665 19295
is_linear=0
shrinkage=0.03


Tree=92
num_leaves=15
num_cat=0
split_feature=5 5 5 5 2 1 0 5 2 1 4 2 1 4
split_gain=0.335321 0.240906 0.680758 0.300096 0.281638 0.434278 0.244249 0.539782 0.439284 0.626521 0.799054 0.60047 0.455107 0.495177
threshold=0.20899774138904575 0.24233940972222226 0.25269282079154115 0.25746334569863988 0.53769668012192118 0.60064308681672041 0.14137028344466515 0.27666395859661796 0.42249755215786705 0.9156869446343131 0.72242074341594931 0.75038461538461554 0.98618303305094868 0.83262425411476282
decision_type=2 2 2 2 2 2 2 2 2 2 2 2 2 2
left_child=-1 4 -3 -4 5 -2 7 -5 12 -10 11 -11 13 -9
right_child=1 2 3 6 -6 -7 -8 8 9 10 -12 -13 -14 -15
leaf_value=-0.0010767897242212675 0.00040534938038978244 -0.0021953313731309025 0.0014847643779856818 0.001718769277695839 -0.0004666620824718848 0.0028254716286627464 5.7501088589944493e-05 -3.4978822507602496e-05 -0.0010137200637407846 -0.0018300718600342037 0.0017314536391696588 0.00078116311196317059 -0.0017810635923249823 0.001485544756128302
leaf_weight=251 193 125 126 123 123 102 18689 963 1170 181 199 141 106 241
leaf_count=251 193 125 126 123 123 102 18689 963 1170 181 199 141 106 241
internal_value=0 2.5829e-05 1.23122e-05 2.48905e-05 0.000739309 0.00124214 1.64578e-05 -0.00022908 -0.000308915 -0.000628381 0.000236968 -0.000686643 0.000103465 0.000269378
internal_weight=0 22482 22064 21939 418 295 21813 3124 3001 1691 521 322 1310 1204
internal_count=22733 22482 22064 21939 418 295 21813 3124 3001 1691 521 322 1310 1204
is_linear=0
shrinkage=0.03


Tree=93
num_leaves=15
num_cat=0
split_feature=3 0 1 5 4 5 5 3 4 4 1 5 1 4
split_gain=0.34445 0.584211 0.422377 0.398203 0.672723 0.625506 0.354499 0.343012 0.307795 0.538861 0.523799 0.476317 0.455956 0.578801
threshold=0.85353936601255276 0.006420562288729492 0.057735042735042715 0.98613855950812479 0.72633357041251789 0.97758234111643738 0.42224461188014722 0.83795381349729181 0.4147533579240556 0.36755861822086994 0.88176930596285452 0.90798234187291949 0.90357571766164357 0.64006920415224922
decision_type=2 2 2 2 2 2 2 2 2 2 2 2 2 2
left_child=1 -1 -2 5 -5 6 -4 -3 9 10 11 -8 -10 -14
right_child=2 7 3 4 -6 -7 8 -9 12 -11 -12 -13 13 -15
leaf_value=-0.0021629246102688325 -0.0020167660127793038 1.2641891388566993e-05 0.00050925134491183667 -0.00020456124913510263 0.0026690242117390446 -0.0023083435117881345 -0.00050733102536336936 0.00097263406613593126 -0.00094560331674584477 0.0020684796036886319 -0.0018063166752457617 0.0013311587113579643 -0.0014734738043492336 0.001195904386884256
leaf_weight=110 126 18969 451 224 109 141 330 341 1159 105 150 206 109 222
leaf_count=110 126 18969 451 224 109 141 330 341 1159 105 150 206 109 222
internal_value=0 1.71756e-05 -0.000312979 -0.000246017 0.000736042 -0.000359845 -0.000259282 2.95946e-05 -0.000411236 6.70573e-05 -0.000239283 0.000199253 -0.000665149 0.000316864
internal_weight=0 19420 3332 3206 333 2873 2732 19310 2281 791 686 536 1490 331
internal_count=22752 19420 3332 3206 333 2873 2732 19310 2281 791 686 536 1490 331
is_linear=0
shrinkage=0.03


Tree=94
num_leaves=15
num_cat=0
split_feature=2 4 1 2 1 4 0 4 1 2 2 4 3 3
split_gain=0.431026 0.378514 0.281294 0.47185 0.514619 0.493597 0.295624 0.300042 0.342979 0.327431 0.432829 0.311562 0.566403 0.445648
threshold=0.013753586178631106 0.56528843421426556 0.9807999508478743 0.16134691567628753 0.98979565273981529 0.6439209164818922 0.013722167302170128 0.12560476802617743 0.88176930596285452 0.1092432701218272 0.1733808548886448 0.097784787942516674 0.080934134217067119 0.49667770419426055
decision_type=2 2 2 2 2 2 2 2 2 2 2 2 2 2
left_child=1 -1 6 -4 -5 -6 -2 8 9 -8 -11 12 -12 -14
right_child=2 -3 3 4 5 -7 7 -9 -10 10 11 -13 13 -15
leaf_value=-0.0019138428900282965 0.0015235950126502235 6.1751626896071497e-05 -0.0023491850652073215 -0.0018093640771777635 -0.00071034632309521025 0.0021924599795771797 0.0015028154815677119 -5.6882577483290816e-05 -0.00079045310389341372 -0.0013441147680458001 -0.0008380924612260423 0.0010513926780406086 0.0010419616249260767 -7.499182140688984e-05
leaf_weight=205 113 152 123 112 108 103 215 19143 246 139 375 486 647 639
leaf_count=205 113 152 123 112 108 103 215 19143 246 139 375 486 647 639
internal_value=0 -0.00107269 -2.20271e-05 -0.000767921 -0.000165767 0.000706663 -6.90785e-06 -1.48086e-05 0.000278392 0.000383525 0.000278254 0.000383289 0.000187805 0.000486959
internal_weight=0 357 22449 446 323 211 22003 21890 2747 2501 2286 2147 1661 1286
internal_count=22806 357 22449 446 323 211 22003 21890 2747 2501 2286 2147 1661 1286
is_linear=0
shrinkage=0.03


Tree=95
num_leaves=15
num_cat=0
split_feature=5 2 5 5 0 5 5 1 2 1 2 5 2 2
split_gain=0.484965 0.358131 0.362291 1.1472 0.714937 0.573478 0.349221 0.295012 0.296198 0.682966 0.542817 0.468697 0.465901 0.456472
threshold=0.20899774138904575 0.97955701051751765 0.27666395859661796 0.2737593568905024 0.754355612213926 0.28223572639909561 0.25269282079154115 0.0098685278363902524 0.58493649031939832 0.65602716468590849 0.85575346784363193 0.96520295871635209 0.91806076204330567 0.94481639050604571
decision_type=2 2 2 2 2 2 2 2 2 2 2 2 2 2
left_child=-1 2 3 4 -2 -4 -6 -7 11 -10 -11 -9 -12 -14
right_child=1 -3 5 -5 6 7 -8 8 9 10 12 -13 13 -15
leaf_value=-0.0012972635667855767 0.00052574196644825013 0.00078595322563727453 -0.0020568158751575537 0.00316738421590777 0.00017303579795166824 0.0011069638427886901 -0.0019878131026697782 -0.00016882390843542109 0.0002794306439156581 1.6936792395812372e-05 -0.0015404601573164034 0.0017313602243321236 0.00072703369383816604 -0.0010181360858660374
leaf_weight=264 1093 505 128 126 109 199 176 11753 5470 1812 471 118 240 308
leaf_count=264 1093 505 128 126 109 199 176 11753 5470 1812 471 118 240 308
internal_value=0 -3.94146e-06 -2.20707e-05 0.000427349 0.000176808 -5.50443e-05 -0.00116138 -4.24663e-05 -5.38056e-05 8.36671e-05 -0.000294583 -0.000149936 -0.000848532 -0.000253828
internal_weight=0 22508 22003 1504 1378 20499 285 20371 20172 8301 2831 11871 1019 548
internal_count=22772 22508 22003 1504 1378 20499 285 20371 20172 8301 2831 11871 1019 548
is_linear=0
shrinkage=0.03


Tree=96
num_leaves=15
num_cat=0
split_feature=1 1 2 3 5 1 5 4 3 3 5 2 4 4
split_gain=0.377158 0.747963 0.58252 0.447545 0.503901 0.624422 0.802733 0.550664 0.410916 0.40474 0.401825 0.379818 0.875202 0.404386
threshold=0.88176930596285452 0.91885032240362197 0.96804382394561406 0.63850558304783667 0.91869588744588759 0.93774702037677826 0.86388199614006078 0.81314005102932452 0.94709483943521189 0.92365294511378859 0.39104159126553267 0.013753586178631106 0.52622979016167881 0.34775410308090993
decision_type=2 2 2 2 2 2 2 2 2 2 2 2 2 2
left_child=11 9 3 -3 5 -5 7 10 -6 -2 -7 12 -1 -13
right_child=1 2 -4 4 8 6 -8 -9 -10 -11 -12 13 -14 -15
leaf_value=-0.0028513863125499482 -0.00083981396222913894 -0.00040348380824099713 -0.0020482660517558266 0.0026053020038581906 -0.002144637472461909 0.00096120800203643739 0.0026200294606609355 0.0015800356892868876 0.00044475261280994588 -0.0028541566282236836 -0.0012683407629557541 0.00022977922954407174 0.00076292629497689429 -5.3715670079589062e-05
leaf_weight=128 749 817 119 155 100 100 126 135 123 102 267 7023 114 12749
leaf_count=128 749 817 119 155 100 100 126 135 123 102 267 7023 114 12749
internal_value=0 -0.000339624 -1.46369e-05 0.000118112 0.000541715 0.000900031 0.000479144 -5.82099e-05 -0.000716409 -0.00108125 -0.000660834 3.2523e-05 -0.00114878 4.69815e-05
internal_weight=0 2793 1942 1823 1006 783 628 502 223 851 367 20014 242 19772
internal_count=22807 2793 1942 1823 1006 783 628 502 223 851 367 20014 242 19772
is_linear=0
shrinkage=0.03


Tree=97
num_leaves=15
num_cat=0
split_feature=5 1 0 4 5 5 5 5 0 5 5 5 0 3
split_gain=0.318747 0.254022 0.252953 0.236918 1.0716 2.46324 1.74473 1.14111 0.85812 0.561685 0.726189 0.594891 0.649227 0.738686
threshold=0.20899774138904575 0.54827992712463836 0.017574746725969859 0.77795641300464469 0.33976263661202194 0.37542693944162736 0.37849697576660041 0.31648305828651691 0.35533793059413216 0.9506670131670133 0.91869588744588759 0.98342998034112006 0.4982517268781711 0.93911649944258657
decision_type=2 2 2 2 2 2 2 2 2 2 2 2 2 2
left_child=1 -1 -2 9 7 -6 -7 8 -5 10 -4 12 -11 -14
right_child=2 -3 3 4 5 6 -8 -9 -10 11 -12 -13 13 -15
leaf_value=-0.0019143725786043304 -0.00070042179611715441 2.1250245996933674e-05 6.9573787786419506e-05 0.0016702298215244614 -0.0021332709044125397 0.0035578039947672391 -0.00018204927966442835 0.0023536561714354322 -0.00099786660063430881 -9.8869500758966023e-05 0.0014050582537939772 0.0003479755726015276 -0.00041698953986746593 -0.0036822983583095011
leaf_weight=142 459 107 16072 169 603 116 3491 288 303 193 375 276 103 158
leaf_count=142 459 107 16072 169 603 116 3491 288 303 193 375 276 103 158
internal_value=0 -0.0010826 -3.34528e-06 1.11017e-05 -0.000171312 -0.000358478 -6.17768e-05 0.000865485 -4.25524e-05 6.38815e-05 0.000100024 -0.000750402 -0.00141814 -0.00239369
internal_weight=0 249 22606 22147 4970 4210 3607 760 472 17177 16447 730 454 261
internal_count=22855 249 22606 22147 4970 4210 3607 760 472 17177 16447 730 454 261
is_linear=0
shrinkage=0.03


Tree=98
num_leaves=15
num_cat=0
split_feature=5 3 2 3 1 1 1 5 2 1 5 3 4 4
split_gain=0.398939 0.576006 0.377144 0.501644 0.508085 0.726768 0.69039 0.553784 0.782725 0.522767 0.396261 0.67649 0.547902 0.818262
threshold=0.97169289044289053 0.92744024736754149 0.91806076204330567 0.87293025933439339 0.52080005324813639 0.9738987886142515 0.91885032240362197 0.91152180637179103 0.62840937267542785 0.36092355324264686 0.35352218089449339 0.61464841964095229 0.16096725693284333 0.42668838219326827
decision_type=2 2 2 2 2 2 2 2 2 2 2 2 2 2
left_child=2 -2 3 -1 7 6 -6 8 9 -5 -4 -12 -13 -14
right_child=1 -3 10 4 5 -7 -8 -9 -10 -11 11 12 13 -15
leaf_value=4.5617181137954131e-05 -0.0026799954790268591 -0.00031368788096300339 -0.0010983299138836648 3.6863754337121334e-05 -0.00017614918040058944 -0.002047324415634399 0.0017996904973745646 0.00037788519007938626 -0.0030903145987278093 -0.0023897210852756425 0.0018974359890839014 0.0021892755434748308 -0.0014437636120206529 0.00056577157610135658
leaf_weight=18893 112 534 129 252 795 146 199 178 193 117 301 121 246 705
leaf_count=18893 112 534 129 252 795 146 199 178 193 117 301 121 246 705
internal_value=0 -0.000723946 3.23057e-05 -8.87643e-07 -0.000468236 -7.08856e-05 0.000219416 -0.00108037 -0.00154224 -0.000732541 0.000491378 0.000640738 0.000287878 4.59549e-05
internal_weight=0 646 22275 20773 1880 1140 994 740 562 369 1502 1373 1072 951
internal_count=22921 646 22275 20773 1880 1140 994 740 562 369 1502 1373 1072 951
is_linear=0
shrinkage=0.03


Tree=99
num_leaves=15
num_cat=0
split_feature=5 0 3 0 5 4 4 5 5 5 3 5 0 5
split_gain=0.222141 0.598816 0.449326 0.573962 0.493272 0.603186 0.602469 0.585419 0.855356 0.588399 0.571641 0.458766 0.62854 0.781612
threshold=0.41049110508065739 0.97951519051082647 0.10869906395381426 0.5839288448777501 0.65083677984033861 0.13344191096634098 0.29255479969765691 0.78368093454084198 0.81720349187236618 0.70669679938727747 0.79924946490931637 0.63565742870705089 0.87905861269238883 0.42802402651201327
decision_type=2 2 2 2 2 2 2 2 2 2 2 2 2 2
left_child=1 -1 3 -2 5 -4 7 9 -9 -6 -10 12 -7 -14
right_child=2 -3 4 -5 6 11 -8 8 10 -11 -12 -13 13 -15
leaf_value=7.9061488105247417e-05 0.0001173109682802356 0.0017805308220346294 0.00065485403578171165 0.0023936786168287025 0.00015964311961498524 -0.00062066553072276972 0.00018281126066582324 0.0022864305777121831 -0.0022309550718189429 -0.0025482152800989943 -0.00012709952175509238 -0.0020527009083889424 0.0018749849011177179 -0.00092769443592685577
leaf_weight=12391 319 189 427 145 108 2661 4957 112 143 218 621 172 214 154
leaf_count=12391 319 189 427 145 108 2661 4957 112 143 218 621 172 214 154
internal_value=0 0.000104624 -8.35133e-05 0.000828676 -0.00012676 -0.000404259 3.67025e-05 -0.000565844 -0.000161958 -0.00165113 -0.000520884 -0.00054554 -0.000459957 0.000702125
internal_weight=0 12580 10251 464 9787 3628 6159 1202 876 326 764 3201 3029 368
internal_count=22831 12580 10251 464 9787 3628 6159 1202 876 326 764 3201 3029 368
is_linear=0
shrinkage=0.03


end of trees

feature_importances:
limit_up_days=377
beta=242
one_month=239
ivol=190
momentum=186
momentum_extremity=166

parameters:
[boosting: gbdt]
[objective: regression]
[metric: l2]
[tree_learner: serial]
[device_type: cpu]
[data_sample_strategy: bagging]
[data: ]
[valid: ]
[num_iterations: 100]
[learning_rate: 0.03]
[num_leaves: 15]
[num_threads: 1]
[seed: 0]
[deterministic: 1]
[force_col_wise: 0]
[force_row_wise: 1]
[histogram_pool_size: -1]
[max_depth: -1]
[min_data_in_leaf: 100]
[min_sum_hessian_in_leaf: 0.001]
[bagging_fraction: 0.8]
[pos_bagging_fraction: 1]
[neg_bagging_fraction: 1]
[bagging_freq: 1]
[bagging_seed: 7719]
[feature_fraction: 0.8]
[feature_fraction_bynode: 1]
[feature_fraction_seed: 2437]
[extra_trees: 0]
[extra_seed: 11797]
[early_stopping_round: 0]
[early_stopping_min_delta: 0]
[first_metric_only: 0]
[max_delta_step: 0]
[lambda_l1: 0]
[lambda_l2: 0]
[linear_lambda: 0]
[min_gain_to_split: 0]
[drop_rate: 0.1]
[max_drop: 50]
[skip_drop: 0.5]
[xgboost_dart_mode: 0]
[uniform_drop: 0]
[drop_seed: 21238]
[top_rate: 0.2]
[other_rate: 0.1]
[min_data_per_group: 100]
[max_cat_threshold: 32]
[cat_l2: 10]
[cat_smooth: 10]
[max_cat_to_onehot: 4]
[top_k: 20]
[monotone_constraints: ]
[monotone_constraints_method: basic]
[monotone_penalty: 0]
[feature_contri: ]
[forcedsplits_filename: ]
[refit_decay_rate: 0.9]
[cegb_tradeoff: 1]
[cegb_penalty_split: 0]
[cegb_penalty_feature_lazy: ]
[cegb_penalty_feature_coupled: ]
[path_smooth: 0]
[interaction_constraints: ]
[verbosity: -1]
[saved_feature_importance_type: 0]
[use_quantized_grad: 0]
[num_grad_quant_bins: 4]
[quant_train_renew_leaf: 0]
[stochastic_rounding: 1]
[linear_tree: 0]
[max_bin: 255]
[max_bin_by_feature: ]
[min_data_in_bin: 3]
[bin_construct_sample_cnt: 200000]
[data_random_seed: 38]
[is_enable_sparse: 1]
[enable_bundle: 1]
[use_missing: 1]
[zero_as_missing: 0]
[feature_pre_filter: 1]
[pre_partition: 0]
[two_round: 0]
[header: 0]
[label_column: ]
[weight_column: ]
[group_column: ]
[ignore_column: ]
[categorical_feature: ]
[forcedbins_filename: ]
[precise_float_parser: 0]
[parser_config_file: ]
[objective_seed: 8855]
[num_class: 1]
[is_unbalance: 0]
[scale_pos_weight: 1]
[sigmoid: 1]
[boost_from_average: 1]
[reg_sqrt: 0]
[alpha: 0.9]
[fair_c: 1]
[poisson_max_delta_step: 0.7]
[tweedie_variance_power: 1.5]
[lambdarank_truncation_level: 30]
[lambdarank_norm: 1]
[label_gain: ]
[lambdarank_position_bias_regularization: 0]
[eval_at: ]
[multi_error_top_k: 1]
[auc_mu_weights: ]
[num_machines: 1]
[local_listen_port: 12400]
[time_out: 120]
[machine_list_filename: ]
[machines: ]
[gpu_platform_id: -1]
[gpu_device_id: -1]
[gpu_use_dp: 0]
[num_gpu: 1]

end of parameters

pandas_categorical:[]
